titulo,tematica,autores_normalizados,afiliaciones_normalizadas,palabras_clave
null,Capacidades de ia generativa en bioquímica y metabolismo,"Carlos Javier Perez Perez, Felicia Perez Moya, Angela Rosa Herrera Trocones",Universidad De Ciencias Medicas De Sancti Spiritus Facultad De Ciencias Medicas Dr Faustino Perez Hernandez Sancti Spiritus Cuba,Inteligencia artificial generativa: capacidades de llama-3.1-70b-instruct en las asignaturas bioquímica y metabolismo y nutrición
Caracterización De La Dependencia De Existencia En Interrelaciones Binarias,Análisis de dependencia de existencia en asociaciones,"Carlos Garcia, Abel Rodriguez, Norma Cabrera, Luisa Gonzalez",Departamento De Ciencia De La Computacion Universidad Central De Las Villas Cuba,"Dependencia de existencia, Diseño de bases de datos, Entidades débiles, Interrelaciones débiles, Modelación de datos"
Aplicación De Las Fracciones Continuas Generalizadas Y La Conexión Con Los Polinomios Ortogonales Generales En Ecuaciones De Tipo Toda,Ecuaciones de toda y polinomios ortogonales,"Andres Gago Alonso, Luis Santiago Moreno, Luis Ramiro Pineiro","Cenatav, Universidad De Toronto, Universidad De La Habana",
Una Metodología Para La Interpretación Cuantitativa De La Cinemática Del Ciclo De Marcha,Análisis cuantitativo de la cinemática del ciclo de marcha,"Cacoq Junot, Carlos Diaz Novo, Larisa Zamora Matamoros","Universidad De Oriente, Centro De Biofisica Medica","Bootstrap, Banda de predicción, Banda confidencial, Cinemática, Ciclo de marcha"
Determinación De Las Causas De La Degradación Del Suelo A Través Del Análisis De Correspondencias Simple Y De Regresión Logística Binaria,Análisis de degradación de suelos,"Jose Victor Tamariz Flores, Gladys Linares Fleites, Jesus A Ruiz Careaga, Jenaro Reyes M, Otilio Acevedo S","Postgrado De Ciencias Ambientales Icuap, Departamento De Investigacion En Ciencias Agricolasinstituto De Cienciasbenemerita Universidad Autonoma De Puebla, Universidad Autonoma Del Estado De Hidalgo","Análisis de correspondencias, Erosión de suelo, Regresión logística"
"Analisis Discriminante Lineal En El Estudio De La Calidad De Los Suelos De La Sierra Norte De Puebla, Mexico.",Análisis de calidad de suelos en sierra norte de puebla,"Mg Tenorio Arvide, Ma Valera Perez, G Linares Fleites, O A Acevedo Sandoval, Jb Dixon","Postgrado En Ciencias Ambientales Icuap B Universidad Autonoma De Puebla Mexico, Dpto De Investigaciones En Ciencias Agricolas B Universidad Autonoma De Puebla Mexico, Universidad Autonoma De Hidalgo, Texas Am University College Station Texas Usa","Andisoles, Calidad inherente, Calidad dinámica, Función discriminante"
Anillos De Schur Y Módulos -Globalmente Simples,Anillos de schur y módulos globalmente simples,"Pedro Dominguez Wade, Jesus Barreto Molina","Universidad De Matanzas, Universidad Pedagogica De Villa Clara Cuba",
La Comprensión Desde La Perspectiva De La Educación Matemática,Comprensión matemática en educación,"Aida Maria Torres Alfonso, Damasa Martinez Martinez","Facultad De Matematica Fisica Y Computacion, Universidad Central De Las Villas","Comprensión matemática, Modelos, Situaciones didácticas"
Una Recomendación Para La Demostración De La Independencia De La Media Y La Varianza Muestrales,Independencia de la media y varianza muestrales en distribución normal,"E Menendez, J Villagomez, M A Herrera","Facultad De Matemática Y Computación Universidad De La Habana, Unidad Academica Facultad De Matematica Sede Acapulco Universidad Autonoma De Guerrero Mexico","Distribución t-student, Independencia, Media muestral, Varianza muestral"
Multilevel Model For A Sample Of Contingency Tables: A Simulation Study,Análisis de tablas de contingencia con modelos multinivel,"Minerva Montero1, Ernestina Castell2, Mario M Ojeda3","Instituto De Cibernetica Matematica Y Fisica La Habana Cuba, Universidad De La Habana, Universidad Veracruzana Xalapa Mexico","Tablas de contingencia, Modelos multinivel, Enfoque gsk"
Socialización De La Información Y El Conocimiento En La Web,Desarrollo de la web y socialización de información,Rafael Olivasantos,Facultad De Matemática Y Computación Universidad De La Habana,
Modelos Matemáticos En El Análisis De La Covid-19,Modelos matemáticos en epidemiología,"Miriam Nicado Garcia, Aymee Marrero Severo",Universidad De La Habana,
Modelos Sir Para El Seguimiento De La Covid-19 En Cuba,Modelos sir para epidemias de covid-19,"Raul Guinovart Diaz, Isidro A Abello Ugalde, Wilfredo Morales Lezca, Julian Bravo Castillero, Reinaldo Rodriguez Ramos, David Guinovart Sanjuan","Facultad De Matemática Y Computación Universidad De La Habana, Universidad De La Habana, Unidad Academica Del Instituto De Investigaciones En Matematicas Aplicadas Y En Sistemas En Yucatan Universidad Nacional Autonoma De Mexico, Department Of Mathematics University Of Central Florida 4393 Andromeda Loop N Orlando Fl 32816 Usa","Endemia, Covid-19, Modelos sir, Número reproductivo básico, Rebrote"
Modelo Seair Con Percepción De Riesgo Para La Covid19. Caso Cuba,Modelo seair para covid19 en cuba,"Aymee Marrero Severo, Daniel Mencio Padron, Gabriela Bayolo Soler",Facultad De Matemática Y Computación Universidad De La Habana,"Modelo seair, Covid19, Número reproductivo básico, Tasa de transmisión"
Modelos Fenomenológicos Aplicados Al Estudio De La Covid-19 En Cuba,Modelos fenomenológicos para covid-19 en cuba,"Jose Alejandro Mesejochiong, Angela Mireya Leonmecias",Facultad De Matemática Y Computación Universidad De La Habana,"Covid-19, Modelos fenomenológicos, Crecimiento de epidemias"
Modelando La Covid-19 Con Solo Una Ecuación,Modelo de dinámica de epidemia con una sola ecuación,"Celia T Gonzalez Gonzalez, Mariano Rodriguez Ricard",Facultad De Matemática Y Computación Universidad De La Habana,"Modelo sir, Dinámica de epidemia"
Predicciones En Tiempo Real De La Covid-19 En Cuba Y Sus Provincias: Modelos Fenomenológicos Dinámicos Y Un Modelo No Lineal Con Efectos Mixtos.,Modelos dinámicos para predecir casos de covid-19 en cuba,"Carlos R Sebrango Rodriguez, Lizet Sanchez Valdes, Waldemart Baldoquin, Osvaldo Norman Montenegro, Raul Guinovart","Universidad De Sancti Spiritus Jose Marti Perez Centro De Estudios De Energia Y Procesos Industriales Ceepi Cuba, Centro De Inmunologia Molecular La Habana Cuba, Instituto De Medicina Tropical Ipk La Habana Cuba, Centro De Bioactivos Quimicos Uclv Villa Clara Cuba, Facultad De Matemática Y Computación Universidad De La Habana","Covid-19, Modelos fenomenológicos dinámicos, Modelo no lineal con efectos mixtos"
Estimación De Infecciones Indocumentadas De Covid-19 En Cuba A Través De Un Método Híbrido Mecano-Estadístico,Estimación de infecciones indocumentadas de covid-19 en cuba,"Gabriel Gil, Alejandro Lagecastellanos","Departamento De Fisica Teorica Instituto De Cibernetica Matematica Y Fisica Icimaf La Habana Cuba, Departamento De Fisica Teorica Facultad De Fisica Universidad De La Habana La Habana Cuba","Covid-19, Cuba, Modelos epidemiológicos de compartimentos, Métodos de inferencia bayesiana"
Aplicación De Modelos De Crecimiento Sigmoidal En El Pronóstico En Tiempo Real Del Brote De La Covid-19 En Villa Clara,Modelos de crecimiento sigmoidal para pronóstico en tiempo real de covid-19,"Osvaldo Norman Montenegro, David Rodriguez Fernandez, Carlos De La Caridad Rodriguez Fadragas, Carlos Sebrango Rodriguez, Yanet Rodriguez Sarabia, Roxana Perez Garcia, Luis B Lecha Estela, Maria Del Carmen Velasco Gomez, Barbara Rodriguez","Centro De Bioactivos Quimicos Villa Clara Cuba, Departamento De Fisica Universidad Central Marta Abreu De Las Villas Villa Clara Cuba, Centro De Estudios De Energia Y Procesos Industriales Ceepi Sancti Spiritus Cuba, Departamento De Ciencias De La Computacion Universidad Central Marta Abreu De Las Villas Villa Clara Cuba, Departamento De Matematica Universidad Central Marta Abreu De Las Villas Villa Clara Cuba, Centro Meteorologico De La Isla De La Juventud Insmet Isla De La Juventud Cuba, Delegacion Del Citma En Villa Clara Villa Clara Cuba, Centro Provincial De Higiene Epidemiologia Y Microbiologia Villa Clara Cuba","Covid-19, Modelos de crecimiento sigmoidal, Sir, Pronósticos en tiempo real"
"Evolución De La Covid19 A Partir De Un Modelo Sairv Con Tasa De Transmisión Variable Ante Percepción De Riesgo, Cuarentena Y Hospitalización. Caso Cuba",Modelo sairv para la evolución de covid19 en cuba,"Daniel Mencio Padron, Gabriela Bayolo Soler, Aymee Marrero Severo",Facultad De Matemática Y Computación Universidad De La Habana,"Modelosairv, Covid19, Cuarentena, Hospitalización, Tasadetransmisión"
Modelos Sir Modificados Para La Evolución Del Covid-19,Modelos sir modificados para covid-19,"Nana Cabo Bizet, Alejandro Cabo Montes De Oca","Departamentodefisica Dci Campus Leon Universidad De Guanjuato Cp37150 Leon Guanajuato Mexico, Departamentodefisica Teorica Institutodecibernetica Matematicayfisica Calle E No309 Vedado La Habana Cuba","Suceptibles-infectados-recuperados, Tasadecontagiovariable, Tasaderecuperación"
Los Procesos De Ramificación Y Su Aplicación Al Estudio De La Transmisión De La Covid-19 En Cuba,Procesos de ramificación aplicados al estudio de la transmisión de covid-19,"Marelys Crespo Navas, Pedro Pablo De La Cruz Cobas, Ernesto Quevedo Caballero, Jose E Valdes Castro","Facultad De Matemática Y Computación Universidad De La Habana, Universidaddelahabanalahabanacuba","Covid-19, Procesosderamificación, Simulación"
Análisis Espacial De La Incidencia De Covid-19 En Pequeñas Áreas Geográficas En Cuba,Análisis espacial de la incidencia de covid-19 en cuba,"Patricia Lorenzoluaces, Antonio Torresreyes, Paula Fonte, Nancy Perez, Lizet Sanchez","Direccion De Ensayos Clinicos Centro De Inmunologia Molecular La Habana Cuba, Facultad De Geografia Universidad De La Habana La Habana Cuba, Facultad De Matemática Y Computación Universidad De La Habana","Análisis espacial, Modelos bayesianos, Distribución geográfica, Covid19"
Covid-19 En Cuba: Estimación Del Número De Camas Diarias Que Se Requieren Durante Un Período De La Epidemia,Estimación de camas para covid-19 en cuba,"Sira M Allende Alonso, Gemayqzel Bouza Allende, William L Sariolnunez",Facultad De Matemática Y Computación Universidad De La Habana,"Estimación, Logística, Número de camas"
Una Aplicación Del Delphi De Nube En La Percepción Subjetiva Del Pico De La Covid-19,Aplicación del delphi de nube en la percepción subjetiva del pico de la covid-19,Miguel Cruz Ramirez,Departamento De Matematica Universidad De Holguin Cuba,"Covid-19, Delphi de nube, Percepción, Modelos gausianos mixtos, Paquete r"
Predicción A Corto Plazo Del Comportamiento De La Covid-19 En Cuba: Un Análisis Desde La Perspectiva Del Aprendizaje Automático.,Predicción de covid-19 en cuba con aprendizaje automático,"Hector Gonzalez, Carlos Morell, Yanet Rodriguez","Facultad 2 Universidaddelas Ciencias Informaticas La Habana Cuba, Centro De Investigaciones Dela Informatica Universidad Central Marta Abreu De Las Villas Villa Clara Cuba, Departamentode Ciencias Dela Computacion Universidad Central Marta Abreude Las Villas Villa Clara Cuba",
Un Modelo Multinivel Para La Predicción Del Total De Casos Confirmados De Covid-19 En Cuba: Comparación Con Otros Países,Modelos multinivel para predecir casos de covid-19,Minerva Montero Diaz,Dpto De Matematica Instituto De Cibernetica Matematica Y Fisica La Habana Cuba,"Covid-19, Coronavirus, Modelos multinivel, Predicción"
Modelo Matemático De La Interacción Virus-Sistema Inmune Con Activación De Células Nk,Modelo matemático de interacción virus-sistema inmune con activación de células nk,"Annia Ruiz Sanchez, Erick Eduardo Ramireztorres, Antonio Rafael Selva Castaneda, Sandy Sanchez Dominguez, Roberto Labradaclaro, Marlon Cobasbatista, Luis Enrique Bergues Cabrales, Luis Eugenio Valdes Garcia, Isabel Marten Powell, Antonio Ivan Ruiz Chaveco","Departamento De Matematica Facultad De Ciencias Naturales Y Exactas Universidad De Oriente Cuba, Departamento De Ingenieria Biomedica Facultad De Ingenieria En Telecomunicaciones Informatica Y Biomedica Universidad De Oriente Santiago De Cuba Cuba, Departamento De Telecomunicaciones Facultad De Ingenieria En Telecomunicaciones Informatica Y Biomedica Universidad De Oriente Santiago De Cuba Cuba, Direccion De Ciencia E Innovacion Tecnologica Centro Nacional De Electromagnetismo Aplicado Universidad De Oriente Santiago De Cuba Cuba, Centro Provincial De Higiene Epidemiologia Y Microbiologia Santiago De Cuba Cuba, Universidad De Ciencias Medicas De Santiago De Cuba Cuba","Célula nk, Modelo matemático, Sistema inmune, Virus"
Análisis De La Epidemia De Covid-19 En Cuba Por Medio Del Seguimiento De Los Pacientes Infectados Y Sus Contactos,Análisis de la covid-19 en cuba por seguimiento de pacientes y contactos,"Mijail Borges Quintana, Eloy Rafael Oliveros Dominguez","Departamento De Matematica Facultad De Ciencias Naturales Y Exactas Universidad De Oriente Santiago De Cuba Cuba, Direccion De Informatizacion Universidad De Oriente Santiago De Cuba Cuba","Covid-19 en cuba, Comparación de localidades, Medidas de comparación"
2 Autoridad De Certificación De La Facultad De Matemática Y Computación De La Universidad De La Habana,Autoridad de certificación para emisión de certificados digitales,"Yavseny Roque Hernandez, Drac Teresa Bernarda Pages Lopez, Yaidir Mustelier Ruiz","Instituto De Criptografia, Facultad De Matemática Y Computación Universidad De La Habana, Universidad De La Habana, Cuba","Seguridad, Servicios, Certificados"
Acerca Del Criptoanálisis A Cifrados En Bloques Mediante El Algoritmo Genético,Criptoanálisis de cifrados en bloques con algoritmo genético,"Miguel A Borges Trenard, Mijail Borges Quintana, Adrian Donatien Charon","Departamentodeeducacionenmatematicauniversidadantonionarinobogotacolombia, Departamentodematematicauniversidaddeorientesantiagodecubacuba, Departamentodematematicauniversidaddeorientesantiagodecubacuba","Criptoanálisis, Cifradoenbloque, Algoritmogenético"
Midiendo La Legitimidad Del Usuario Autenticado En Sistemas De Autenticacio´N Gra´Fica “Cued Recall”,Medición de autenticidad en sistemas de autenticación gráfica,"Pedro Enrique Navarro Sosa, Carlos Miguel Legon Perez, Raisa Socorro Llanes","Instituto De Criptografıa Universidad De La Habana La Habana Cuba, Facultad De Ingenierıa Informatica Universidad Tecnologica De La Habana La Habana Cuba","Autenticacio´n gra´fica, Graphical autentication, Modelo probabil´ıstico, Probabilistic model, Cued recall"
Criptoanálisis Algebraico A Cifrados En Bloques Ligeros,Criptoanálisis algebraico de cifrados en bloques ligeros,"Roberto Labrada Claro, Miguel Angel Borges Trenard, Mijail Borges Quintana","Direccion De Criptografia Ministerio Del Interior Santiago De Cuba Cuba, Departamento De Matematica Universidad De Oriente Santiago De Cuba Cuba","Cifrados en bloques ligeros, Criptoanálisis algebraico, Base de gröbner"
Integración De Curvas Elípticas Criptográficamente Seguras Al Ejbca,Integración de curvas elípticas criptográficas en ejbca,"Arlet Ponce Alvarez, Teresa B Pages Lopez, Yessica C Castano Sainz, Camilo Denis Gonzalez",Instituto De Criptografia Universidad De La Habana La Habana Cuba,"Criptografía asimétrica, Curvas elípticas, Software ejbca, Biblioteca bouncycastle"
Análisis Y Diseño De Variantes Del Criptoanálisis A Cifrados En Bloques Mediante El Algoritmo Genético,Criptoanálisis de cifrados en bloques con algoritmo genético,"Osmani Tito Corrioso, Miguel A Borges Trenard, Mijail Borges Quintana","Departamento De Matematica Facultad De Ciencias De La Educacion Universidad De Guantanamo Cuba, Departamento De Matematica Facultad De Ciencias Naturales Y Exactas Universidad De Oriente Cuba","Algoritmo genético, Grupocociente, Criptoanálisis, Aes(t)"
Mejorando La Seguridad De La Implementación De La Multiplicación Escalar Para Curvas Generales En Forma De Weierstrass En Bouncy Castle,Implementación de aritmética para curvas elípticas en bouncy castle,"Yessica C Castano Sainz, Carlos M Legon Perez, Teresa B Pages Lopez",Departamentode Criptografia Universidad De La Habana La Habana Cuba,"Curvaselípticas, Multiplicaciónescalar, Tiempoconstante, Libredeexcepciones, Fórmulacompleta"
Cohomología De Hochschild Del Álgebra De Matrices Triangulares,Cohomología de hochschild de álgebras triangulares,"Beatriz De Rancell Montero Deus, Jose Fidel Hernandez Advincula",Facultad De Matemática Y Computación Universidad De La Habana,"Cohomologíadehochschild, Extensiónporunpunto, Álgebradematricestriangulares, Hochschildcohomology, Onepointextension, Triangularmatrixalgebras"
Openlatinomurciaclient: Sig Web Con Tecnologías Abiertas,Desarrollo de sig web con tecnologías abiertas,"Aracelys Garcia Armenteros, Joanna Campbell Amos, Vivian Plasencia Calana","Departamento De Programacion E Ingenieria De Software Universidad De La Habana La Habana Cuba, Trabajador Por Cuenta Propia","Sig web, Openlatinoview, Openlatinoserver"
Alternativa Metodológica Para La Autopreparación De Concursantes De Matemática,Alternativa metodológica para la autopreparación de concursantes de matemática,"Ernesto A Lopez Cadalso, Maria C Rivalta Valladares, Yasser Martin Guillen, Mercedes M Leal Acosta, Nelson T Hernandez Reyes","Facultad De Matemática Y Computación Universidad De La Habana, Facultad De Matemática Y Computación Universidad De La Habana, Universidad De Ciencias Pedagogicas Enrique Jose Varona La Habana Cuba, Centro De Estudio De Matematica Para Ciencias Tecnicas Universidad Tecnologica De La Habana Jose Antonio Echevarria La Habana Cuba","Alternativa metodológica, Autopreparación, Concursante"
"Mathematical Study Of Toxin Elimination By The Liver, Circulatory System And The Kidneys",Mathematical model of toxin elimination,"Annia Valiente Monte De Oca, Sandy Sanchez Dominguez, Antonio Ivan Ruiz Chaveco, Isabel Marten Powell","Mathematics Department Faculty Of Education Sciences Guantanamo University Cuba, Mathematics Department Faculty Of Natural And Exact Sciences University Of Oriente Santiago De Cuba Cuba, University Of The State Of Amazonas Brazil, Universidad De Ciencias Medicas De Santiago De Cuba Cuba","Mathematical model, Quasi-normal form, Toxin elimination"
Ana´Lisis De Sensibilidad Del Modelo De Bahill Aplicado A Movimientos Saca´Dicos En Pacientes Ata´Xicos,Análisis de sensibilidad del modelo de bahill para movimientos sacádicos en pacientes atáxicos,"Camilo Mora Batista, Rafael M Avila Avila, Rosa Isabel Urquiza Salgado, Efren Vazquez Silva","Departamentodelicenciaturaenmatematica Universidad De Holguın Holguın Cuba, Departamentodematematica Universidad De Holguın Holguın Cuba, Universidad Politecnica Salesiana Sede Cuenca Carrera De Ingenierıa Mecanica Campus El Vecino Calle Vieja 1230y Elia Liut Cuenca Ecuador","Modelomatema´tico, Ataxiahereditaria, Simulacio´n, Sistemadeecuacionesdiferenciales, Ana´lisisdesensibili- dad"
Acerca Del Problema Homoge´Neo De Dirichlet Para Campos Electromagne´Ticos En Dominios Con Fronteras Fractales: Caso Quiral.,Problema de dirichlet para campos electromagnéticos en dominios con fronteras fractales y quirales,"Luis Manuel Avila Napolez, Rafael M Avila Avila, Ricardo Abreu Blaya","Departamentodematematicauniversidaddeholguınholguıncuba, Departamento De Licenciatura En Matemática Universidad De Holguín, Facultaddematematicauniversidadautonomadeguerreroguerreromexico","Problemasdevaloresdefrontera, Ana´lisiscuaternio´nico, Camposelectromagne´ticos, Mediosquirales"
Algebras Triangulares L-Hereditarias De Tipo De Representación Manso,Estudios de álgebras localmente hereditarias a través de sus relaciones con posets y álgebras de incidencia,"Msc Beatriz Perez Lopez, Drc Jose Fidel Hernandez Advincula","Departamento De Matematicafisica Universidad Jose Marti De Sancti Spiritus Sancti Spiritus Cuba, Facultad De Matemática Y Computación Universidad De La Habana","Álgebras de incidencia, Álgebra l-hereditaria, Tipo de representación"
Desarrollo De La Nueva Versión Multiplataforma De Openlatino Server (Ols),Desarrollo de servidor de mapas multiplataforma,"Frankie Mujica Cal, Joanna Campbell Amos, Eduardo Quesada Orozco",Departamento De Programacion E Ingenieria De Software Universidad De La Habana La Habana Cuba,"Sig, Asp.netcore, Wms, Multiplataforma, Framework"
New Proposal To Adjust The Internal Rank In The Documents Clustering By Non Negative Matrix Factorizations,Agrupamiento de documentos mediante factorizaciones no negativas de matrices,"Iosvanny Jesus Alfonso Veloso, Dra Marta Lourdes Baguer Diazromanach, Dra Lydia Castro Odio","Facultad De Matemática Y Computación Universidad De La Habana, Facultad De Artes Y Letras Universidad De La Habana La Habana Cuba","Corpus, Factorización, Agrupamiento"
G-Presentaciones Del Grupo Simétrico,G-presentaciones del grupo simétrico,"Juana E Bermudez Sosa, Miguel A Borges Trenard",Departamento De Matematica Facultad De Matematica Y Computacion Universidad De Oriente,
Una Variante Del Método De Linealización Local Para La Integración De Ecuaciones Diferenciales Estocásticas Con Respecto A Semimartingalas,Método de linealización local para ecuaciones diferenciales estocásticas con semimartingalas,"Luis A Salomon Hernandez, Rolando J Biscay Lirio","Facultad De Matemática Y Computación Universidad De La Habana, Instituto De Cibernetica Matematica Y Fisica Icimaf","Semimartingalas, Linealización local, Convergencia ucp"
La Función De Verosimilitud Suavizada En Modelos De Regresión,Modificación de la función de verosimilitud en modelos de regresión,"Lilian Muniz Alvarez, Rolando J Biscay Lirio","Facultad De Matemática Y Computación Universidad De La Habana, Instituto De Cibernetica Matematica Y Fisica Icimaf","Función de verosimilitud suavizada, Modelos de regresión, Consistencia de estimadores"
Contribuciones Abelianas Al Análisis Matemático,Influencia de abel en el análisis matemático del siglo xix,Carlos Sanchez Fernandez,Universidad De La Habana,
Un Enfoque Geométrico Para Introducir El Concepto De Campo Central De La Mecánica Clásica,Enfoque geométrico para introducir el concepto de campo central de la mecánica clásica,"Jorge Erick Lopez Velazquez, Julian Bravo Castillero, Reinaldo Rodriguez Ramos",Facultad De Matemática Y Computación Universidad De La Habana,
On The Modular Representations Of Group With P-Complement,Modular representations of groups with p-complement,"Pedro Dominguez Wade, Jesus Barreto Molina","Universidad De Matanzas Cuba, Universidad Pedagogica De Villa Clara Cuba",
Solución De Un Problema De Contorno Complejo Para Las Ecuaciones De Tipo Elíptico,Solución de problemas elípticos con condiciones de contorno complejas,"Lorgio F Batard, Otilio B Mederos, Andro Gonzales","Departamento De Matematica Universidad Central De Las Villas Santa Clara Villa Clara Cuba, Universidad De Ciego De Avila Ciego De Avila Cuba",
Un Enfoque Unificado Para Técnicas De Representación Euclidiana,Escalamiento multidimensional y representación euclidiana,"Elina Miret Barroso, Gladys Linares Fleites, Maria V Mederos Bru",Facultad De Matemática Y Computación Universidad De La Habana,
Algunas Notas Sobre Las Propiedades Efectivas De Compuestos Laminados Termopiezoeléctricos,Propiedades efectivas de medios laminados termopiezoeléctricos,"Esperanza Garcia Santoyo, Julian Bravo Castillero, Reinaldo Rodriguez Ramos, Federico J Sabina, Raul Martinez Rosado","Facultad De Matemática Y Computación Universidad De La Habana, Instituto De Investigaciones En Matematicas Aplicadas Y Sistemas Universidad Nacional Autonoma De Mexico Mexico D F Mexico, Instituto Superior De Estudios Superiores De Monterrey Campus Estado De Mexico Escuela De Ingenieria Y Computacion Estado De Mexico Mexico",
El Legado De Jacobo Bernoulli A La Ciencia Del Cálculo (Un Reconocimiento En El 300 Aniversario De Su Muerte),Legado de jacob bernoulli al cálculo,Concepcion Valdes Castro,Universidad De La Habana,
Análisis Funcional Lineal,Análisis funcional lineal,Roldan Inguanzo R,Facultad De Matemática Y Computación Universidad De La Habana,
"Taller Internacional Sobre Álgebra Computacional En La Computación Científica (Casc), La Habana, 2023",Álgebra computacional en la computación científica,Valentina Badia Albanes,Facultad De Matemática Y Computación Universidad De La Habana,
"Xviii Congreso Internacional De Matemática Y Computación, Compumat 2023, La Habana, 2023",Congreso internacional de matemática y computación,Luis Ramiro Pineiro Diaz,Facultad De Matemática Y Computación Universidad De La Habana,
Evaluación De Habilidades Cognitivas De Diversos Modelos De Lenguajes A Gran Escala,Evaluación de habilidades cognitivas de llm,"Kevin Talavera Diaz, Alberto Fernandez Oliva, Suilan Estevez Velarde",Facultad De Matemática Y Computación Universidad De La Habana,"Habilidades cognitivas, Procesamiento del lenguaje natural, Llm"
Propuesta Didáctica Para La Enseñanza De Matrices Y Conceptos Asociados Mediante El Cifrado De Hill,Enseñanza de matrices y conceptos asociados mediante el cifrado de hill,Guillermo Enrique Ramirez Montes,Departamentode Educacion Matematica Universidad De Costa Rica San Jose Costa Rica,"Cifradodehill, Hojadecálculodeexcel, Matrices, Propuestadidáctica"
Pirámides Instrumentales En La Enseñanza Y Aprendizaje Del Límite Funcional,Uso de pirámides instrumentales en la enseñanza del límite funcional,"Adriana Diaz Cordero, Valentina Badia Albanes",Facultad De Matemática Y Computación Universidad De La Habana,"Dificultadesdeaprendizaje, Límitefuncional, Pirámidesinstrumentales"
Meta-Aprendizaje Para Automl Heterogéneo,Meta-aprendizaje para automl heterogéneo,"Lia De La Concepcion Zerquera Ferrer, Alberto Fernandez Oliva, Alejandro Piad Morffis, Suilan Estevez Velarde",Facultad De Matemática Y Computación Universidad De La Habana,"Aprendizajedemáquina, Automl, Meta-aprendizaje"
Estudio Matemático De La Diabetes En Gestantes Y No Gestantes,Estudio matemático de la diabetes,"Jorly Alberto Perez Perez, Sandy Sanchez Dominguez, Adolfo Arsenio Fernandez Garcia, Tahiry Gomez Hernandez, Leticia Cristina Bequer Mendoza","Departamentodematematicauniversidadcentralmartaabreudelasvillasvillaclaracuba, Departamentodematematicaescuelaiterarmasgeneraljosemaceograjalessantiagodecubacuba, Departamentodematematicauniversidaddeorientesantiagodecubacuba, Unidaddeinvestigacionesbiomedicasuniversidaddecienciasmedicasdevillaclaravillaclaracuba","Ajustedecurvas, Diabetesmellitus, Modeloslineales, Pronósticodeconcentraciones"
Actitudes Hacia Las Matemáticas En La Resolución De Problemas Y Su Relación Con La Investigación Propia,Actitudes hacia las matemáticas y resolución de problemas,"Flores Lopez W O, Garcia Rojas Pedro","Uraccan Managua, Centro De Salud Mental Ministerio De Salud Publica La Habana Cuba",
Simulación Computacional Para La Dinámica De Enfermedades Transmitidas Por Vectores,Simulación de epidemias con modelos basados en agentes y redes complejas,"Ernesto Alfonso Hernandez, Aymee De Los Angeles Marrero Severo",Facultad De Matemática Y Computación Universidad De La Habana,"Epidemias, Mapas cognitivos difusos, Modelos basados en agentes, Redes complejas, Simulación"
Matrix-Free Computation Of Linear Combinations Of Phi-Functions Times Vectors In Exponential Integrators,Cálculo sin matrix de combinaciones lineales de función phi por vector en integradores exponenciales,"Frank Sadan Naranjonoda, Juan Carlos Jimenez Sobrino",Departamento De Matematica Interdisciplinaria Instituto De Cibernetica Matematica Y Fisica La Habana Cuba,"Phi-functions, Iterative numerical method, Matrix-free method, Exponential integrator, High-dimensional initial value problem"
Neural Networks To Remove Specular Reflections In Colposcopic Images,Neural networks for specular reflection removal in colposcopic images,"Lauren Jimenezmartin, Daniel Alejandro Valdes Perez, Ana Margarita Solares Asteasuainzarra, Ludwig Leonard Mendez, Marta Lourdes Baguer Diazromanach","Facultad De Matemática Y Computación Universidad De La Habana, Hospital Ginecobstetrico Universitario Ramon Gonzalez Coro La Habana Cuba","Cervicalcancer, Colposcopicimage, Specularreflection, Inpainting, Supervisedlearning"
El Problema De Riemann Para El Sistema De Lamé-Navier Bidimensional,Análisis del sistema de lamé-navier en la teoría de la elasticidad lineal,"Diego Esteban Gutierrez Valencia, Daniel Alfonso Santiesteban, Ricardo Abreu Blaya",Facultad De Matematicas Universidad Autonoma De Guerrero Chilpancingo Guerrero Mexico,"Operador de cauchy-riemann, Operador de teodorescu, Problema de riemann, Sistema de lamé-navier"
"Nueva Época De La Revista Ciencias Matemáticas: Creativa, Interactiva Y Dinámica",Nueva época de la revista ciencias matemáticas,Damian Valdes Santiago,Facultad De Matemática Y Computación Universidad De La Habana,
"Hernández, J. F. Y Miret, E. (2022) Introducción Al Álgebra",Introducción al álgebra lineal,Maria Esther Reyes Calzado,Facultad De Matemática Y Computación Universidad De La Habana,
"Del Prado Arza, N. (2024). Para Pensar La Matemática Y Con La Matemática. Acertijos Y Sus Respuestas.",Resolución creativa de problemas matemáticos,Pedro Garcia Rojas,Centro De Salud Mental Ministerio De Salud Publica La Habana Cuba,
"Ejercicios De Cálculo, De Orientación Y Divergentes Utilizados En Los Contenidos De Geometría Analítica",Ejercicios de cálculo y geometría con geogebra,"Roxana Cabrera Puig, Alicia Robbio Marrero",Facultad De Matemática Y Computación Universidad De La Habana,"Ejercicios, Geogebra, Geometría"
"Jornada Científica Estudiantil (Jce Matcom 2023), Facultad De Matemática Y Computación, Universidad De La Habana",Jornada científica estudiantil en matemática y computación,Comite Editorial,Facultad De Matemática Y Computación Universidad De La Habana,
"Conferencia Europea Y Latinoamericana De Mecánica Teórica Y Aplicada (Elactam 2024), La Habana",Mecánica de materiales y homogenización,Reinaldo Rodriguez Ramos,Facultad De Matemática Y Computación Universidad De La Habana,
A La Memoria De Aurelio Quintana Valdés,Obituario de aurelio quintana valdés,Marta Maria Alvarez Perez,Fue Metodologa Nacional De Matematica Ministerio De Educacion Cuba,
Grafo Para La Evaluación Automática De Soluciones Vecinas En Problemas De Enrutamiento De Vehículos,Evaluación automática de soluciones vecinas en problemas de enrutamiento de vehículos,"Fernando Raul Rodriguez Flores, Jose Jorge Rodriguez Salgado","Facultad De Matemática Y Computación Universidad De La Habana, Scalian Consulting Spain Sl Espana","Grafodeevaluación, Evaluaciónautomáticadesolucionesvecinas, Problemadeenrutamiento devehículos"
Segmentación Automática Del Hígado En Imágenes De Tomografía Computarizada,Segmentación automática de hígado en imágenes de tomografía,"Lazaro Ramon Caraballo Rodriguez, Marlen Perez Diaz, Ruben Orozco Morales",Departamento De Automatica Facultad De Ingenieria Electrica Universidad Central Marta Abreu De Las Villas Villa Clara Cuba,"Hígado, Procesamiento digital de imágenes, Segmentación, Tomografía computarizada de abdomen"
Retos Pos-Covid De La Educación A Distancia En Matemática Para La Formación De Ingenieros,Retos de la educación a distancia en matemática para ingenieros,"Tania Diez Fumero, Abelardo Lopez Dominguez, Alisbet Martinez Bello","Departamento De Matematica Instituto Tecnico Militar Jose Marti La Habana Cuba, Universidad De La Habana, Departamento De Electronica Instituto Tecnico Militar Jose Marti La Habana Cuba","Educación híbrida, Aprendizaje autónomo, Matemática superior"
Introducción Y Solución Del Problema De Los Reducidos Catalanes,Problema de los reducidos catalanes y método bézout-euler de las potencias,Luis Enrique Fernandez Machado,Facultad De Matemática Y Computación Universidad De La Habana,"Cardinal, Congruencia, Ecuación, Máximo, Potencia"
Extracción De Conocimiento Mediante Traducción Automatizada A Cypher Con Aprendizaje Zero-Shot,Traducción automatizada de consultas de lenguaje natural a cypher con aprendizaje zero-shot,Rolando Sanchez Ramos,Facultad De Matemática Y Computación Universidad De La Habana,"Aprendizaje con cero muestras de entrenamiento, Modelos de lenguajes a gran escala, Inteligencia artificial"
Ecosistema De Ciencia De Datos Para El Análisis De Largos Supervivientes En Cáncer,Análisis de supervivencia en cáncer de pulmón avanzado,"Jorge Luis Palomino Hernandez, Patricia Lorenzoluaces Alvarez, Lizet Sanchez Valdes",Direccion De Investigaciones Clinicas Centro De Inmunologia Molecular La Habana Cuba,"Cáncer, Ciencia de datos, Larga supervivencia"
Modelación De La Propagación De Procesos De Contagios Influidos Por La Distancia De Contacto,Modelo logístico de propagación de enfermedades,"Dagoberto Acosta Iglesias, Miguel Enrique Iglesias Martinez, Milton Henry Perea","Facultad De Ciencias De La Tierra Universidad Estatal Amazonica Puyo Ecuador, Grupo De Modelizacion Interdisciplinar Intertech Instituto Universitario De Matematica Pura Y Aplicada Universitat Politecnica De Valencia Espana, Departamento De Matematica Y Fisica Universidad Tecnologica Del Choco Diego Luis Cordoba Choco Colombia","Contagiados, Logístico, Modelo"
Teorema De Los Ceros De Hilbert: Aplicaciones De Sus Versiones Débil Y Fuerte,Aplicaciones del teorema de los ceros de hilbert en álgebra conmutativa y geometría algebraica,"Jolbin Jose Mairena Arauz, Isaura Lisbeth Hudiel Fuentes, Cliffor Jerry Herreracastrillo",Centro Universitario Regional De Esteli Universidad Nacional Autonoma De Nicaragua Managua Nicaragua,"Álgebra conmutativa, Aplicaciones, Competencias, Teorema de los ceros de hilbert, Versión débil y fuerte"
Mirada Contextual A Los Asistentes Matemáticos Desde El Triángulo Didáctico De Chevallard,Análisis de asistentes matemáticos desde el triángulo didáctico de chevallard,"Lissette Maria Pedroso Carracedo, Tania Diez Fumero, Abelardo Lopez Dominguez","Departamento De Matematica Instituto Tecnico Militar Jose Marti La Habana Cuba, Universidad De La Habana","Asistentes matemáticos, Didáctica, Enseñanza de la matemática, Tecnología, Triángulo de chevallard"
Olimpiadas Luis Campistrus E Igo: Difusión Y Resultados En El Contexto Matemático Cubano,Olimpiadas de matemática en cuba,"Nelson Tomas Hernandez Reyes, Carlos Jimenez Tejeda, Ernesto Alejandro Lopez Caldalso, Juan Raul Delgado Rubi","Centro De Estudios De Matematica Instituto De Ciencias Basicas Universidad Tecnologica De La Habana Jose Antonio Echeverria La Habana Cuba, Facultad De Matemática Y Computación Universidad De La Habana",
Los Roles Y El Aprendizaje De La Programación Orientada A Objetos Mediante La Colaboración En Línea Para La Solución De Problemas,Aprendizaje colaborativo en línea para la programación orientada a objetos,"Jorgefardales Perez, Miguel Salvat Quesada, Ernesto Roberto Fuentes Gari","Departamento Deingenieria Informatica Universidad Josemarti Perez Desancti Spirituscuba, Departamento De Educacionadistancia Universidad Decienfuegos Carlos Rafael Rodriguezcuba","Ambiente de solución colaborativa en línea de problemas, Aprendizaje colaborativo asistido porcomputadora, Web2.0, Collaborative online problem solving (cops), Computer supported collaborativelearning (cscl)"
Herramienta Para La Ejecución De Algoritmos De Aprendizaje Reforzado Aplicados A La Solución De Problemas De Secuenciación,Aprendizaje reforzado para problemas de secuenciación,"Juliettmsuarezferreira, Victormgarciamartinez, Yailenmartinezjimenez, Rafaelbelloperez",Universidad Central Marta Abreu De Las Villas Cuba,"Aprendizajereforzado, Q-learning, Secuenciación"
Diseño Y Utilización De Un Sistema Informático Para El Control De Portadores Energéticos,Sistema informático para control de portadores energéticos,"Sissi Perez Del Pino Adiestrado, Lourdes Tarifa Lozano Profesor Titular",Universidad De Matanzas Camilo Cienfuegos Umcc,
Traductor De Reglas De Negocio De Lenguaje Técnico Lpt A Lenguaje Formal Sql,Traductor de reglas de negocio de lpt a sql,"Martha Beatriz Boggiano Castillo, Ariel Calderon Valdes, Alain Perez Alonso, Ramiro Perez Vazquez",Universidad Marta Abreu De Las Villas,"Reglas de negocio, Reglas en lenguaje técnico, Reglas en sql"
Algoritmo Para La Generación Aleatoria De Matrices Invertibles,Algoritmos para matrices cuadradas invertibles,"Pfreyre, N Diaz, E Rmorgado","Facultad De Matemática Y Computación Universidad De La Habana, Facultad De Matematica Fisicay Computacionuniversidad Central Marta Abreu Delas Villas Cuba","Vector, Random matrix products, Random matrix over finite fields"
Conjunto De Herramientas Que Auxilian El Desarrollo De Sistemas Gestores De Información En Dominios Textuales,Herramientas para sistemas gestores de información textual,"Michel Artiles Egue, Leticia Arco Garcia, Damny Magdaleno Guevara","Departamento De Ciencia De La Computacion, Universidad Central Marta Abreu De Las Villas, Cuba","Gestión documental, Gestión del conocimiento, Automatización de la información"
Estimación Temprana Del Tiempo De Desarrollo En Proyectos De Software Utilizando Técnicas De Inteligencia Artificial,Estimación temporal en tareas de implementación en redmine,"Yaimara Granados Hondares, Gheisa Lucia Ferreira Lorenzo, Jarvin Anton Vargas, Luis Quintero Dominguez",Universidad Central Marta Abreu De Las Villas,"Estimación temporal, Variables de estimación, Gestión de proyectos de software"
Simpler: Desde El Merx Hasta Las Bases De Datos Relacionales,"Computación, bases de datos, enseñanza de la computación","Javier Guillotjimenez, Victor Manuel Mendiola Lau, Benny Jonrobaina, Daniel Alejandro Mesejo Leon, Omar Salas Garcia, Haydee Guillot Jimenez","Universidad De La Habana, Facultad De Matemática Y Computación Universidad De La Habana","Bases de datos, Modelo relacional, Diagramas, Diseño correcto"
Gespro 11.05: Un Sistema Para La Dirección Integrada De Proyectos Para La Gestión De La Producción,Sistema de gestión de proyectos para la producción de software,"Pedro Y Pinero Perez, Surayne Torres Lopez, Manuel Vazquez Acosta, Henrik Pestano Pino, Michaell Gonzalez Jorrin, Marielis Izquierdo Matias, Jose A Lugo Garcia, Javier Menendez, Ernesto A Mederos Franqueiro, Felix N Abelardo, Ana D Perez, Pedro R Pinero",Laboratorio De Gestion De Proyectos Direccion Tecnica De Produccion Universidad De Las Ciencias Informaticas Carretera San Antonio Km 2½ Ciudad De La Habana Cuba Cp19370 Tel 5307 8372408,"Gestión de proyectos, Dirección integrada, Gestión de contenidos, Project management, Software engineering projects, Software product lines"
Recurso Didáctico Para La Interpretación Física De Un Modelo Matemático Aplicado A Las Transmisiones Mecánicas,Modelos matemáticos para transmisiones mecánicas,"Elsa C Ramirez Garcia, Angel Isaac Moreno Delfrade, Rafael Chaviano Conde",Universidad Central Marta Abreu De Las Villas Santa Clara Cuba,
Alternativas Metodológicas Para Favorecer El Proceso De Enseñanza Aprendizaje De Las Asignaturas De La Disciplina Matemática En Las Carreras De Ingenierías,Enseñanza de la matemática en ingenierías,"Miguel Escalona Reyes, Osvaldo Jesus Rojas Velazquez",Universidad De Holguin,
Aprendizaje Relacional De La Matemática En El Preuniversitario,Formación de profesores de matemática en preuniversitario,"Maricela Rodriguez Ortiz, Elsa Gutierrez Baez, Isabel Santiesteban Perez, Eduardo Alvarez Rojas",Universidades De Ciencias Pedagogicas,
Aprendizaje De Redes Neuronales Recurrentes Con Instancias De Longitud Variable. Aplicaciones A La Resistencia Antiviral Del Vih,Predicción de resistencia del vih con redes neuronales recurrentes,"Isel Grau, Isis Bonet",Centro De Estudios De Informatica Universidad Central Marta Abreu De Las Villas Cuba,
Estimación De Parámetros De Transmisión Para Un Brote Epidémico De Dengue En Ciudad De La Habana,Estimación de parámetros de transmisión para brote epidémico de dengue,"Carlos Rafael Sebrango Rodriguez, Lizet Sanchez Valdez, Ziv Shkedy, Nestor Carbonell Rivero","Universidad De Sancti Spiritus Cuba, Ipksldcu, Uhasseltbe, Susscocu",
La Educación Mediante La Instrucción: La Educación Económica En El Proceso De Enseñanza Aprendizaje De La Matemática,Educación económica en matemáticas,"Carlos Duardo Monteagudo, Nancy Mesa Carpio, Gonzalo Gonzalez Hernandez",Ucp Felix Varela Cuba,
Cálculo De Descriptores Morfométricos Y Geométricos En La Identificación De Variaciones Morfológicas En El Eritrocito,Análisis morfológico de eritrocitos,"Romina Robert Perez, Mayelin Macias Norat","Dpto De Ing Biomedica Facultad De Ingenieria Electrica Universidad De Oriente Santiago De Cuba Cuba, Dpto De Ing Informatica Facultad De Ingenieria Electrica Universidad De Oriente Cuba",
Un Modelo De Los Procesos Moleculares De La Polimerización Y Cristalización De La Hemoglobina S,Modelo molecular de polimerización y cristalización de hemoglobina s,"Sandy Sanchez Dominguez, Adolfo Fernandez Garcia, Ivan Ruiz Chaveco","Departamento De Matematica Universidad De Oriente, Universidad Del Estado De Amazonas Brasil",
Promediación De Estructuras Regulares,Determinación de propiedades efectivas de medios cuasi periódicos en coordenadas curvilíneas,"Alejandroalonso Fœster, David Guinovartsanjuæn, Raœlguinovart Dcid237az, Reinaldo Rodrcid237guez Ramos, Juliæn Bravo Castillero","Universidad De Las Ciencias Informæticas, Carretera San Antonio De Los Baæos Km 5 Reparto Lourdes Boyeros La Habana Cuba","Materiales compuestos, Coe(cid:222) cientes efectivos, Homogeneizaci(cid:243)n asint(cid:243)tica, Coordenadas curvil(cid:237)neas"
Análisis Envolvente De Datos En La Construcción De Indicadores Sintéticos: Una Aplicación Al Turismo De Naturaleza En Cuba,Análisis envolvente de datos para indicadores sintéticos de sostenibilidad en turismo de naturaleza,"Victor E Perez Leon, Rafael E Caballero Fernandez, Flor Maria Guerrero Casas, Fatima Perez Garcia","Departamento De Matematicas Universidad De Pinar Del Rio, Departamento De Economia Aplicada Matematicas Universidad De Malaga Espana, Area De Metodos Cuantitativos E Historia Economica Universidad Pablo De Olavide Espana","Análisis envolvente de datos (dea), Indicadores sintéticos, Sostenibilidad, Turismo de naturaleza"
"Algoritmo Matemático Para La Calibración Y Cálculo De Incertidumbre En Tanques Horizontales De Cabezas Planas, Inclinados Y Con Centros De Medición Desplazados (Thcpicd)",Algoritmo matemático para calibración y cálculo de incertidumbre en tanques horizontales,Vladimir Pacheco Gonzalez,Universidad De Cienfuegos,
Comparación De Métodos De Regresión En La Predicción De Dióxido De Carbono,Comparación de métodos de regresión para predicción de dióxido de carbono,"Gladys Linares, Adrian Saldana, Marcela Rivera, Hortensia J Cervantes","Departamento De Investigaciones En Ciencias Agricolas, Facultad De Ciencias De La Computacion, Facultad De Ciencias Fisicomatematicas, Benemerita Universidad Autonoma De Puebla","Gases de efecto invernadero, Multicolinealidad, Regresión paso a paso, Regresión con componentes principales, Regresión por mínimos cuadrados parciales"
Un Acercamiento A Las Nociones De Competencias Básicas Que La Asignatura Análisis Matemático Debe Contribuir A Desarrollar En Los Estudiantes De Ciencia De La Computación,Competencias básicas en análisis matemático para estudiantes de ciencia de la computación,"Idania Urrutia Roman, Virginia Alvarez Suarez","Facultad De Matemática Y Computación Universidad De La Habana, Universidad De La Habana","Competencias, Competencias cognitivas, Tic, Análisis matemático"
Generalizaciones Y Caracterizaciones Del Concepto De Møtrica,Generalizaciones y caracterizaciones del concepto de møtrica,"Otilio Mederos Anoceto, Rita Roldæn Inguanzo","Universidad Autcid243noma De Coahuila Møxico, Universidad De La Habana",
Data Warehousing En Soluciones De Inteligencia De Negocios,Diseño y aplicación de data warehouse en inteligencia de negocios,"Lucina Garcia Hernandez, Lis Velazquez Vidal, Mijail Veliz Monteagudo","Facultad De Matemática Y Computación Universidad De La Habana, Division De Sistemas De Gestion Empresarial Datys Cuba, Division De Turismo Datys Cuba",
"Extracción De Conocimientos Lógicos Y Estadísticos, A Partir De Tablas De Datos Binarios: Un Estudio Con Alumnos De La Enseñanza Media Superior De Santiago De Cuba",Habilidades estadísticas y lógicas en alumnos de enseñanza media,"Larisa Zamora Matamoros, Pilar Oros Baguena, Isabel Alonso Berenguer, Alexander Gorina Sanchez, Mailyn Alvarez Caneda","Departamento De Matematica Facultad De Matematica Y Computacion Universidad De Oriente Cuba, Departamento De Matematicas Escuela De Tecnologia Y Ciencias Experimentales Universidad Jaume I Espana",
Polinomios Multiortogonales Clásicos En La Recta Real,Propiedades algebraicas de los polinomios multiortogonales clásicos,"Msc Walter Carballosa Torres, Dr Luis R Pineiro Diaz","Universidad De Las Ciencias Informaticas Cuba, Universidad De La Habana",
Mecanismos De Aceleración Para El Algoritmo Prototipo De Optimización Basado En Análisis De Intervalos,Mecanismos de aceleración para algoritmo de optimización basado en análisis de intervalos,"Greter Dominguez Rodriguez, Aymee Marrero Severo, Jorge Luis Rodriguez Perez, Gonzalo Joya Caparros","Universidad De La Habana Direccion Docente De Informatizacion, Facultad De Matemática Y Computación Universidad De La Habana, Universidad De Ciencias Informaticas Cuba, Universidad De Malaga Dpto Tecnologia Electronica Ets Ing Telecomunicacion","Ana´lisis de intervalos, Optimización global, Procesamiento paralelo"
Ajuste De Curvas Y Superficies Por Polinomios Implícitos,Ajuste de curvas y superficies por polinomios implícitos,Ruben Interian Kovaliova,Facultad De Matemática Y Computación Universidad De La Habana,"Ajuste, Polinomioimplícito, Estabilidad, Metaheurística"
Algoritmo De Corte Y Continuación Con Ramificación Y Acotación Para La Solución Del Problema Cuadrático Con Restricciones De Caja,Algoritmo híbrido para optimización cuadrática no convexa,"Ridelio Miranda Perez, Sira Allende Alonso, Boris Perez Canedo, Gemayqzel Bouza Allende","Universidad De Cienfuegos Cuba, Universidad De La Habana","Nonconcave quadratic optimization, Nonconvex quadratic programming, Parametric optimization, Branch-and-bound, Positive semidefinite relaxation, Semidefinite programming"
Utilizar Un Teléfono Android Como Dispositivo De Cifrado Versátil,Cifrado y seguridad en dispositivos android,"Anna Fernandez Girone, Alejandro Tamayo Castillo, Miguel Katrib Mora",Facultad De Matemática Y Computación Universidad De La Habana,"Android, Cifrado, Codificación, Certificados digitales, Dispositivo móvil, Llave segura, Plataforma de confianza, Privacidad, Seguridad, Teléfono inteligente, Zona segura"
Counting Infinities - The ”Number” Of Lattice Points On Convex Cones,Cuenta de puntos de malla en conos convexos,"Li Guo, Sylvie Paycha, Bin Zhang","Department Of Mathematics And Computer Science Rutgers University, Institute Of Mathematics University Of Potsdam, Yangtze Center Of Mathematics Department Of Mathematics Sichuan University","Cones, Coalgebra, Renormalization, Birkhoff decomposition, Euler-maclaurin formula, Meromorphic functions"
Subcritical Hopf Bifurcation For Reversible Non Linear Gray-Scott Model With Diffusion,Bifurcación de hopf subcrítica en modelo de gray-scott,"Susely Figueroa Iglesias, Mariano Rodriguez Ricard",Facultad De Matemática Y Computación Universidad De La Habana,"Bifurcación de hopf, Modelo gray-scott"
Toro Algebraico De Tipo Norma Sobre Una Extensión Abeliana De Galois,Algebraic norm type torus over abelian galois extension,"Huber Martinez Rodriguez, Pedro Luis Del Angel Rodriguez, Jorge Estrada Sarlabous","Departamento De Matematica Universidad Maximo Gomez Baez Cuba, Centro De Investigacion En Matematicas Ac Gto Mexico, Inst De Cibernetica Matematica Y Fisica La Habana Cuba","Groupscheme, Algebraic tori, Torus-based cryptography, Local fields"
Empleo Del Sistema Algebraico Computacional Sympy En El Proceso De Aprendizaje Del Cálculo Infinitesimal (Diferenciación),Aplicación de sympy en el aprendizaje del cálculo diferencial,"Carlos Segura Vidal, Ricardo Abreu Blaya, Julio Cruz Cruz",Departamento De Licenciatura En Matematica Universidad De Holguin Cuba,"Cálculo diferencial, Sympy, Cas, Resolución de problemas, Generación de gráficos"
Recuperación De Información Para Artículos Científicos Soportada En El Agrupamiento De Documentos Xml,Recuperación de información en documentos xml,"Damny Magdaleno, Ivett E Fuentes, Michel Cabezas, Maria M Garcia","Universidad Central Marta Abreu De Las Villas Cuba, Xetic La Habana Cuba","Recuperación de información, Agrupamiento, Xml"
Análisis De Modelos Sísmicos Mediante Un Método De Series,Análisis de modelos sísmicos mediante método de series,"A Reyes, J A Reyes, M Cortesmolina, F Garciaalonso","Universidad De Alicante Grupo De Investigacion Modelizacion Matematica De Sistemas Espana, Escuela Politecnica Superior Universidad De Alicante Espana","Modelos sísmico, Ecuaciones diferenciales, Método de series"
Relación Entre El Automorfismo De Frobenius Y Los N Homomorfismos De Inmersión Del Campo Gf(P ) En M El Campo Gf(P ),Relación entre el automorfismo de frobenius y los homomorfismos de inmersión,"Oristela Cuellar Justiz, Eberto R Morgado Morales, Evaristo Madarro Capo, Guillermo Sosa Gomez","Universidad Centralmarta Abreude Las Villas Santa Clara Cuba, Centro De Investigaciones En Matematica Cimat Guanajuato Mexico","Automorfismo de frobenius, Homomorfismos de inmersión"
Recibido09-2015 Reflexiones Sobre El Teorema De Abel Extendido A Las Filas De La Tabla De Pade,Consecuencias del teorema de abel extendido a las filas de la tabla de pade,"Abel Fernandez Infante1, Luis Ramiro Pineiro2","Instituto Superior Politecnico Jose A Echeverrıa La Habana Cuba Afdezcematcujaeeducu, Universidad De La Habana","Rows of the pade´ table, Filas de la tabla de pade´"
La Comprensión De Textos En La Resolución De Problemas Que Conducen A Ecuaciones,Comprensión de textos en resolución de problemas algebraicos,"Juan Carlos Navarro Gonzalez, Allan Blanco Garcia, Elisabet Vivar Reyes","Ccsa La Habana Cuba, Elam La Habana Cuba","Comprensión de textos, Ecuaciones"
Aplicacio´N Del Procedimiento Para La Seleccio´N Del Personal Con Base En La Teor´Ia De Los Subconjuntos Borrosos En El Hotel Vedado Saint-Johns,Procedimiento de seleccio´n de personal basado en la teor´ıa de los subconjuntos borrosos,"Lourdes Souto Anido, Irene Garcıa Rondon",Facultad De Economıa De La Universidad De La Habana Cuba,"Gestio´n de recursos humanos, Seleccio´n del personal, Toma de decisio´n, Incertidumbre, Teor´ıa de los subconjuntos borrosos"
Análisis De Un Algoritmo Multiclasificador Incremental Con Diferentes Clasificadores Bases,Análisis de algoritmo multiclasificador incremental,"Alberto Verdecia Cabrera, David La O Naranjo, Ramon Osmany Ramirez Tase, Agustin Alejandro Ortiz Diaz, Isvani Frias Blanco","Universidad De Granma Cuba, Imni Niquero Cuba","Aprendizaje incremental, Flujos de datos, Cambio de concepto, Clasificadores múltiples"
Criterios Para Identificar Reglas De Asociación Espacial Entre Objetos Hidrológicos Y Coberturas Terrestres En Imágenes De Satélite,Extracción de relaciones espaciales en imágenes de satélite,Leisy Sosa Castro,Universidad Agraria De La Habanafructuoso Rodriguez Perez Facultad De Ciencias Tecnicas Cuba,"Ima´genesdesate´lites, Objetoshidrolo´gicos, Coberturasterrestres, Reglasdeasociacio´nespacial, Relacionesimpl´ıcitas"
Introducción Al Método De Los Elementos Finitos,Método de elementos finitos y problemas elípticos,"Franck Boyer, Sebastien Martin","Universite Toulouse 3 Paul Sabatier Institut De Mathematiques De Toulouse Cnrs Umr5219, Universite Paris Descartes Map5 Cnrs Umr8145","Finite element method, Elliptic problems, Saddle-point problems, Freefem++"
Recibido06-2016 Resolucio´N Con El Me´Todo De Elementos Finitos Del Problema De Cavidad Con Pared Mo´Vil,Resolución del problema de cavidad con pared móvil con el método de elementos finitos,"Dayron Chang Dominguez1, Jose Enrique Alvarez Iglesias2","Centro De Meteorologia Agrıcola Instituto De Meteorologıade Cuba La Habana Cuba Dayronchanginsmetcu, Departamentodesoftware Simpro La Habana Cuba Ee2mitsacu","Elementos finitos, Ecuaciones diferenciales, Ecuaciones de stokes, F´ısica delos fluidos"
El Modelo De Lotka -Volterra,Análisis del modelo lotka-volterra con ecuaciones diferenciales parciales,"Jorge Estrada Hernandez, Ana Isis Toledo Marrero",Facultad De Matemática Y Computación Universidad De La Habana,"Lotka-volterra, Elementos finitos, Diferencias finitas"
Comprobación Numérica Del Proceso De Homogeneización Mediante El Método De Los Elementos Finitos.,Homogeneización de problemas elípticos mediante el método de los elementos finitos,"Ernesto Iglesias Rodriguez, Armando Arredondo Soto","Igpservicio Geologico De Cuba La Habana Cuba, Cemat Instituto Superior Politecnico Jose Antonio Echeverria La Habana Cuba","Elementos finitos, Homogeneización"
Una Solucio´N De La Ecuacio´N No Estacionaria De La Conduccio´N Del Calor Empleando Elementos Finitos Con Freefeem++.,Solución de la ecuación no estacionaria de la conducción del calor con elementos finitos y freefem++,"Yoan Quintana Herrera, Luis Sorinas Morales",Facultad De Matemática Y Computación Universidad De La Habana,"Unsteady heat equation, Finite difference method, Finite element theory, Freefem++ software"
Aproximación Por El Método De Los Elementos Finitos Para El Problema Estacionario De Navier-Stokes,Solución de las ecuaciones estacionarias de navier-stokes por el método de los elementos finitos,"Angel Ulise Tabares Gonzalez, Miguel Angel Socorro Borges","Vertex Entornos Interactivos 3d Universidad De Las Ciencias Informaticas La Habana Cuba, Centro De Informatica Industrial Universidad De Las Ciencias Informaticas La Habana Cuba","Navier-stokes, Freefem, Método de los elementos finitos"
Aplicacio´N Del Mef A Un Problema De Poisson Sobre Regiones Mu´Ltiplemente Conexas.,Aplicación del mef a un problema de poisson sobre regiones multiplemente conexas,Abraham Toledo Sanchez,Facultad De Matemática Y Computación Universidad De La Habana,"Mef, Edp, Metododeelementosfinitos, Problemadepoisson"
Generalizaciones De La Integral Definida Hasta La Integral De Riemann,Generalizaciones de la integral definida,"Otilio B Mederos Anoceto, Rita A Roldan Inguanzo","Facultad De Ciencias Fısicomatematicas Universidad Autonoma De Coahuila Mexico, Facultad De Matemática Y Computación Universidad De La Habana","Generalizacio´n, Integral definida, Integral de riemann"
Estrategia Didáctica Para El Razonamiento Lógico Matemático En Los Estudiantes De Primer Año De La Carrera Mecánica Automotriz En La Universidad Técnica De Ambato,Estrategia didáctica para razonamiento lógico matemático,"Luis Efrain Velastegui Lopez, Pablo Homero Velastegui Lopez, Ricardo Sanchez Casanova","Universidad Tecnica De Ambato Ambato Ecuador, Facultad De Matemática Y Computación Universidad De La Habana","Problema, Motivación, Razonamiento lógico matemático, Estrategia didáctica"
AplicacióN Del Criterio Bma De SeleccióN De Modelos Bajo Enfoque Bayesiano A Un Problema De Sensibilidad AléRgica Ocupacional En PanaderíAs De La Habana.,Aplicación del criterio bma de selección de modelos bajo enfoque bayesiano a un problema de sensibilidad alérgica ocupacional en panaderías de la habana.,"Marelys Crespo, Vivian Sistachs",Facultad De Matemática Y Computación Universidad De La Habana,"Regresión logística, Selección de modelos, Bma"
Asignación De Proyectos A Estudiantes Utilizando Un Operador Fowa De Máxima Entropía Y El Método Húngaro,Asignación de proyectos a estudiantes con operador fowa y método húngaro,"Greneter Cordoves Delgado, Boris Perez Canedo, Eduardo R Concepcion Morales","Departamento De Informatica Universidad De Cienfuegos Cienfuegos Cuba, Departamento De Matematica Universidad De Cienfuegos Cienfuegos Cuba","Asignación de proyectos, Número borroso, Operador fowa, Método húngaro"
Análisis Morfológico De Muestras De Huvec Empleando Funciones Basadas En Geometría Integral,Análisis morfológico de muestras de huvec,"Miriela Escobedo Nicot, Silena Herold Garcia, Ligia Ferreira Gomez, Camila Machado, Elisa Monteiro Pereira, Wilkie Delgado Font","Departamento De Computacion Universidad De Oriente Santiago De Cuba Cuba, Departamento De Analisis Clinicos Y Toxicologicos Universidad De Sao Paulo Sao Paulo Brasil, Departamento De Fisiopatologia Experimental Facultad De Medicina Universidad De Sao Paulo Sao Paulo Brasil, Departamento De Analisis Clinicos Y Toxicologicos Facultad De Ciencias Farmaceuticas Universidad Federal De Alfenas Minas Gerais Brasil","Clasificación de formas, Geometría integral, Angiogénesis, Huvec"
Un Método De Series Especialmente Adaptado A La Integración De Osciladores Armónicos Perturbados,Integración de osciladores armónicos perturbados,"F Garciaalonso, J A Reyes",Universidad De Alicante Espana Escuela Politecnica Superior Departamento De Matematica Aplicada,
Solución De Un Problema De Contorno De Gran Complejidad Para Ecuaciones De Tipo Hiperbólico: Caso Índice Cero,Solución de problemas de contorno complejos para ecuaciones hiperbólicas,"Dr Lorgio F Batard Martinez, Msc Yanelis Estrada Hernandez",Departamento De Matematica Universidad Central Marta Abreu Santa Clara Villa Clara Cuba,
Solución De Un Problema De Contorno De Gran Complejidad Para Ecuaciones De Tipo Hiperbólico: Casos De Índices Positivos Y Negativos.,Solución de problemas de contorno complejos para ecuaciones hiperbólicas,"Dr Lorgio F Batard Martinez, Msc Yanelis Estrada Hernandez",Departamento De Matematica Universidad Central Marta Abreu De Las Villas Santa Clara Villa Clara Cuba,
Acotación Uniforme. Estabilidad Y Estabilidad Uniforme De Las Soluciones De Un Sistema Íntegro-Diferencial Tipo Volterra,Estabilidad y acotación uniforme de soluciones de sistemas íntegro-diferenciales tipo volterra,Jose R Velazquez Codina,Universidad De Holguin Cuba,
Promediación De Un Proceso Conductivo Sobre La Estructura De Tipo Esqueleto Bidimensional Más Simple,Promediación de procesos conductivos en estructuras bidimensionales,"Juan Manuel Regalado Gomez, Julian Bravo Castillero, Raul Guinovart Diaz, Reinaldo Rodriguez Ramos",Facultad De Matemática Y Computación Universidad De La Habana,
The Conceptual Emancipation Of Real Number From The Idea Of Magnitude: A German Perspective,Concepto de número real en matemática alemana,"Luis Giraldo Gonzalez Ricardo, Carlos Sanchez Fernandez",Universidad De La Habana Facultad De Matematica Y Computacion La Habana Cuba,
La Regla De Simpson Con Mallados Generales E Integrales Impropias,Generalización de la regla de simpson para mallados exponenciales y cálculo de integrales impropias,"J L G Santander, J M Isidro, M A Garciamarch, P Fernandez De Cordoba, D Acosta Iglesias","Universidad Catolica De Valencia, Universidad Politecnica De Valencia, Instituto De Matematica Pura Y Aplicada, Universidad Hermanos Saiz, Universidad De La Habana","Regla de simpson, Integración numérica, Mallados exponenciales, Integrales impropias"
Emergencia De Una Cultura Matemática En Cuba,Formación de cultura matemática en cuba,"Carlos Sanchez Fernandez, Concepcion Valdes Castro","Facultad De Matemática Y Computación Universidad De La Habana, Universidad De La Habana",
Integración De Osciladores Perturbados Mediante Un Esquema Multipaso Basado En Una Extensión De La Serie De Taylor,Integración de osciladores armónicos forzados,"J A Reyes, F Garciaalonso",Escuela Politecnica Superior Eps Departamento De Matematica Aplicada Universidad De Alicante Espana,
"La Transformada Wavelet Continua, En La Detección De Altas Concentraciones De Vorticidad En La Capa Fronteriza De La Atmósfera",Detección de altas concentraciones de vorticidad en la capa fronteriza de la atmósfera,"Maibys Sierra Lorenzo, Mario Carnesoltas Calvo, Nivian Quintana, Angela Leon Mecias","Instituto De Meteorologia, Facultad De Matemática Y Computación Universidad De La Habana","Transformada wavelet continua, Rollos convectivos horizontales, Vorticidad"
Metodología Para Evaluar La Habilidad Docente Procesamiento De Datos En La Formación Matemática Del Profesor De La Educación Secundaria Básica,Metodología para evaluar habilidad docente en procesamiento de datos,"Drc Ricardo Sanchez Casanova, Dra Olga Lidia Perez Gonzalez","Universidad De La Habana, Universidad De Camaguey","Habilidad docente procesamiento de datos, Los nexos símbolos-objetos, La mediación semiótica, Estado metacognitivo, La evaluación"
Effective Properties For Multi-Phase Fibrous Elastic Composites.,Propiedades efectivas de materiales elásticos con fibras multicapas,"Yanely Zaldivar Gerpe, Raul Guinovart Diaz, Yoanh Espinosa Almeyda, Julian Bravo Castillero, Reinaldo Rodriguez Ramos",Universidad De La Habana,"Asymptotic homogenization method, Effective properties, Fibrous composites, Doubly periodic"
"Justificación Analítica Y Numérica Del Método ^F^ , Hd H = 0 De Solución Del Problema Directo Div X Y U , Con Coeficiente Variable Y Condición De Contorno Tipo Dirichlet",Método prg para resolver problema de dirichlet,"Emmanuel Abdias Romano Castillo, Alexandre I Grebennikov",Benemerita Universidad Autonoma De Puebla Fcfm Buap,
"Algoritmo Para El Cálculo De La Matriz Inversa De Una Matriz En Gf(P), P-Primo",Algoritmo para cálculo de matriz inversa en gf(p),"Pablo Freyre, Nelson Diaz",Facultad De Matemática Y Computación Universidad De La Habana,"Polinomios primitivos, Sistemas de ecuaciones lineales, Matriz inversa"
Inmersión De Un Campo De Galois Gf(Pn) En Otro De Mayor Cardinalidad,Teoría de campos finitos y homomorfismos,"Oristela Cuellar Justiz, Guillermo Sosa Gomez",Departamento De Matematicas Universidad Central Marta Abreu Las Villas,
Demostración De La Unicidad Del Ciclo De Collatz,Demostración de la unicidad del ciclo de collatz,"Msc Denis Martinez Tapanes, Dr Jose Enrique Martinez Serra","Universidad De Ciencias Medicas Santa Clara, Universidad Central Marta Abreu Las Villas",
El Cálculo Como Ciencia Normal: En El Centenario Del Primer Texto Cubano Sobre El Cálculo,Cálculo diferencial e integral como ciencia normal,"Concepcion Valdes Castro, Carlos Sanchez Fernandez","Facultad De Matemática Y Computación Universidad De La Habana, Universidad De La Habana",
Descripción De La Categoría Derivada De Un Álgebra De Tipo A Equiorientada Con Radical Cuadrado Cero,Categorías derivadas de álgebras no hereditarias,"Lic Bely Rodriguez Morales, Dr Jose Fidel Hernandez Advincula",Facultad De Matemática Y Computación Universidad De La Habana,
Descripción De La Categoría Derivada De Un Álgebra Hereditaria De Tipo De Representación,Carcaj de auslander-reiten de un álgebra hereditaria,"Lic Laura Decalo Salgado, Dr Jose Fidel Hernandez Advincula",Facultad De Matemática Y Computación Universidad De La Habana,"Carcaj de auslander-reiten, Categoría derivada, Álgebra hereditaria, Complejos acotados, Funtor de nakayama"
"Al (Cid:976)In De Cuentas, ¿Qué Es Una Recta?",Definiciones métricas de líneas rectas en geometría discreta del taxista,"Daniela Bonilla Barraza, Marcela Parraguez Gonzalez, Leonardo Solanilla Chavarro","Universidad De La Serena Chile, Ponticid980icia Universidad Catolica De Valparaiso Chile, Universidad Del Tolima Colombia","Taxicab geometry, Straight line, Conic sections, Topological dimension, Linear diophantine equations"
La Generalización De Un Orden De Medias: Desde La Geometría Hasta El Cálculo,Generalización de un orden de medias en tres contextos,"Otilio B Mederos Anoceto, Rita Roldan Inguanzo, Jose E Martinez Serra","Facultad De Ciencias Fisicomatematicas Universidad Autonoma De Coahuila Mexico, Facultad De Matematica Fisica Y Computacion Universidad Central De Las Villas Cuba",
Un Estudio Diagnóstico Sobre Ecuaciones Diferenciales Ordinarias En Estudiantes De Licenciatura En Química. Consecuencias En Representaciones Mentales,Estudio diagnóstico sobre ecuaciones diferenciales ordinarias en estudiantes de química,"Maria Del Carmen Rivalta Valladares, Herminia Hernandez Fernandez","Facultad De Matemática Y Computación Universidad De La Habana, Centro De Estudios Para La Educacion Superior Cepes Universidad De La Habana","Ecuaciones diferenciales ordinarias, Valoración, Representación mental, Solidez del conocimiento"
Asymptotic For The Quantization Error For A Wiener Process With Gaussian Starting Point,Convergence rate of quantization error for wiener process with gaussian starting point,Luis A Salomon,Universidad De La Habana Facultad De Matematica Y Computacion Departamento De Matematica Aplicada,"Functional quantization, Wiener process, Gaussian starting point, Convergence rate, Quantization error"
Una Estrategia Grasp Aplicada Al Problema De Enrutamiento De Vehículos Con Recogida Y Entrega Simultánea,Estrategia grasp para el problema de enrutamiento de vehículos con recogida y entrega simultánea,"Alina Fernandez Arias, Sira Allende Alonso","Facultad De Matemática Y Computación Universidad De La Habana, Facultad De Matemática Y Computación Universidad De La Habana","Enrutamiento de vehículos, Recogida y entrega simultánea, Grasp, Vnd"
Wavelets Logarítmicas: Una Herramienta Efectiva Para El Procesamiento De Mamogramas,Procesamiento de mamogramas con wavelets logarítmicas,"Damian Valdes Santiago, Daniel Mesejo Leon, Angela Leon Mecıas","Departamentodematematicaaplicada, Facultaddematematicaycomputacion, Universidaddelahabana, Cuba","Mejoramientodecontraste, Transformadawavelet, Transformadawaveletlogar´ıtmica, Mamograf´ıa"
Un Esquema Alternativo Para Diferencias Finitas Generalizadas.,Esquema alternativo para diferencias finitas generalizadas,"A Gaonaarias, F J Domınguezmota, G Sanchezyepez, J G Tinocoruiz, M L Ruizzavala","Facultad De Ciencias Fısico Matematicas Universidad Michoacan De San Nicolas De Hidalgo Morelia Mexico, Universidad Abierta Y A Distancia De Mexico Ciudad De Mexico Mexico","Diferencias finitas generalizadas, Programacio´n lineal, Mallas irregulares, Mallas estructuradas, Ecuaciones el´ıpticas"
Optimization Methods Applied To Container Stacking Problem,Métodos de optimización para el problema de apilamiento de contenedores,"Laidy De Armas Jacomino, Rafael Bello Perez, Carlos Morell Perez","Facultad De Ciencias Informaticas Universidad De Ciegode Avila Maximo Gomez Baez Ciegode Avila Cuba, Centro De Estudios De Informatica Universidad Centralmarta Abreude Las Villas Cuba",Apilamientodecontenedores—me´todosdeoptimizacio´n—me´todosexactos—metaheurist´ıcas
Escalamiento Multidimensional Empleando Metaheurísticas,Escalamiento multidimensional con metaheurísticas,Maria Esther Reyes Calzado,Facultad De Matemática Y Computación Universidad De La Habana,"Escalamiento multidimensional, Metaheurísticas, Proximidades, Stress"
Uso De Filtros Morfolo´Gicos En Ima´Genes De Mamograf´Ias,Procesamiento de imágenes digitales de mamografías con filtros morfológicos,"Ceyli M Ricardo Gomar, Marta L Baguer Dıazromanach, Jorge Del Risco Martınez",Facultad De Matemática Y Computación Universidad De La Habana,"Procesamientodeima´genesdigitales, Morfolog´ıamatema´tica, Filtrosmorfolo´gicos"
Estudio Comparativo Sobre Ensambles De Clasificadores En Flujos De Datos No Estacionarios,Comparación de enfoques para manejar cambios de concepto en flujos de datos,"Alberto Verdecia Cabrera, Isvani Frias Blanco, Agustin Ortiz Diaz, Yanet Rodriguez Sarabia, Antonio Mustelier Hechavarria","Departamento De Informatica Universidad De Granma Cuba, Instituto De Ciencias Matematicas De Computacion Universidad De Sao Paulo Brasil, Centro De Estudios De Informatica Universidad Central Marta Abreu De Las Villas Villa Clara Cuba","Flujos de datos, Ensambles de clasificadores, Cambio de concepto"
Algoritmo Genético En El Criptoanálisis A Cifrados En Bloques,Criptoanálisis de cifrados en bloques con algoritmo genético,"Mijail Borgesquintana, Miguel A Borgestrenard, Adrian Donatien Charon",Departamentodematematica Fcne Universidad De Oriente Cuba,"Cifrados en bloques, Criptoanálisis, Algoritmo genético"
On Mario O. Gonza´Lez’S Introduccio´N Al Ana´Lisis Matema´Tico,Análisis de introduccio´n al ana´lisis matema´tico de mario o. gonza´lez,Luis Giraldo Gonzalez Ricardo,Facultad De Matemática Y Computación Universidad De La Habana,"Marioo.gonza´lez, Matema´ticacubana, Nu´merosreales"
EnseñAnza Del Cálculo Integral En El Inicio Del Siglo Xxi,Estrategia didáctica integradora para el cálculo integral mediado por tic,"Moises Villena Munoz, Ricardo Sanchez Casanova, Idania Urrutia Roman","Departamentodematematicauniversidadsantamaria Campusguayaquil Ecuador, Facultad De Matemática Y Computación Universidad De La Habana, Facultad De Matemática Y Computación Universidad De La Habana","Estrategiadidáctica integradora, Nivel de asimilación, Cálculo integral, Tecnologías de la información y las comunicaciones"
Sobre La Estructura Del Algebra De Wiener-Walsh,Estructura algebraica del algebra de wiener-walsh,"Claudia Fonte Sanchez, Carlos Sanchez Fernandez",Facultad De Matemática Y Computación Universidad De La Habana,A´lgebradewiener—grupodia´dico—elementosidempotentes—s´ıntesisespectral
Solución Del Problema Elástico Lineal En Medios Cilíndricos Y Esféricos Transversalmente Isotrópicos,Problema elástico lineal en medios transversalmente isotrópicos,"David Guinovart Sanjuan, Reinaldo Rodriguez Ramos, Raul Guinovart Diaz, Julian Bravo Castillero, Ranses Alfonso Rodriguez",Facultad De Matemática Y Computación Universidad De La Habana,"Elasticidad, Ecuaciones diferenciales, Ecuaciones de equilibrio"
Parametrizacio´N B-Spline De Regiones Planas Con Frontera Irregular,Parametrización b-spline de regiones planas con frontera irregular,"Isidro A Abello Ugalde, Victoria Hernandez Mederos, Pablo Barrera Sanchez, Guilmer F Gonzalez Flores","Universidad De La Habana, Departamentode Matematica Institutode Cibernetica Matematicay Fısica La Habana Cuba, Facultad De Ciencias Universidad Nacional Autonoma De Mexico Ciudad De Mexico","Mapeobicuadra´tico, Malladecuadrila´teros, Regio´ncerradaconfronterairregular, Isogeome´trico"
Bu´Squeda Local Iterada Aplicada Al Vrp Con Recogida Y Entrega Mixta,Aplicación de búsqueda local iterada al vrp con recogida y entrega mixta,"Alina Fernandez Arias, Sira Allende Alonso",Facultad De Matemática Y Computación Universidad De La Habana,"Enrutamientodeveh´ıculos, Recogidayentregamixta, Bu´squedalocaliterada"
Clasificacio´Nmorfolo´Gicausandodescriptoreselementalesenima´Genesdigitalesdemuestrasdehuvec,Clasificación morfológica de células huvec para estudios de angiogénesis,"Miriela Escobedo Nicot, Silena Herold Garcıa, Ligia Ferreira Gomez, Camila Machado, Elisaˆngela Monteiro Pereira, Wilkie Delgado Font","Departamentodecomputacionuniversidaddeorientesantiagodecubacuba, Departamentodeanalisisclınicosytoxicologicosuniversidaddesaopaulosaopaulobrasil, Departamentodefisiopatologiaexperimentalfaculdadedemedicinauniversidadedesaopaulosaopaulobrasil, Departamentodeanalisesclınicasetoxicologicasfaculdadedecieˆnciasfarmaceˆuticasuniversidadefederaldealfenasminasgeraisbrasil","Clasificacio´ndeformas, Angioge´nesis, Huvec"
Elementos De Innovacio´N Docente En La Mejora Del Aprendizaje: El Impulsor Cualitativo Y Su Aplicacio´N En La Resolucio´N De Problemas En Matema´Ticas,Elementos de innovación docente en la resolución de problemas matemáticos,"Nelson Claudio Cordova Rosas, Ricardo Sanchez Casanova, Idania Urrutia Romanı","Universidad Tecnica Federico Santa Marıa Ecuadorchile, Facultad De Matemática Y Computación Universidad De La Habana","Resolucio´ndeproblemas, Impulsorcualitativo, Solucionador, Problema"
Evaluación Del Algoritmo De Clasificación Basado En Reglas Jrip Para Datos Standard Y Desbalanceados,Evaluación del algoritmo jrip para clasificación de datos,"Laidy De Armas Jacomino, Danilo Valdes Ramirez",Facultad De Ciencias Informaticas Universidad De Ciego De Avila Maximo Gomez Baez Ciego De Avila Cuba,"Clasificación, Datos desbalanceados, Datos con ruido, Jrip, Reglas, Valores perdidos"
Secuencia Didáctica Entre Logos Y Praxis De La Combinación Lineal,Secuencia didáctica para resolver problemas algebraicos,"Angela Martin Sanchez, Olga Lidia Perez Gonzalez, Laura Casas Fuentes, Ricardo Sanchez Casanova","Facultad De Ciencias Universidad Autonoma De Santo Domingo Santo Domingo Republica Dominicana, Departamento De Matematica Universidad De Camaguey Camaguey Cuba, Facultad De Matemática Y Computación Universidad De La Habana","Logos, Praxis, Combinación lineal"
Medidas Para Asegurar La Calidad Del Etiquetado De Los Modelos De Procesos De Negocio En El Sector De La Salud,Medidas de calidad para etiquetado de modelos de procesos de negocio en el sector de la salud,"Lisbet Hernandez Cardenas, Frank Reyes Garcıa, Isel Moreno Montes De Oca, Abel Rodrıguez Morffi",Universidad Centralmarta Abreude Las Villas Villa Clara Cuba,"Bpmn, Medidas, Calidad"
Mallas Adaptativas Usando Wavelet Para Diferencias Finitas En Modelos De Prono´Stico Nume´Rico Del Tiempo,Algoritmo numérico para edps no lineales y dependientes del tiempo,"Maibys Sierra Lorenzo, Angela Leon Mecıas, Angel Domingues Chovert, Evelyn Elisa Martınez Sabari","Centro De Fısica De La Atmosfera Instituto De Meteorologıa Habana Cuba, Facultad De Matemática Y Computación Universidad De La Habana, Instituto Nacional De Pesquisas Espaciais Centro De Previsaode Tempo E Estudos Climaticos Cachoeira Paulista Sao Paulo Brasil, Programa De Posgrado En Ciencias De La Tierra Universidad Nacional Autonoma De Mexico Df Mexico","Representacio´n por bloques adaptativa, Resolucio´n adaptativa de ecuaciones diferenciales parciales, Prono´stico nume´rico del tiempo"
Segmentación De La Región Acetoblanca En Colposcopías Del Cérvix,Segmentación de la región acetoblanca en colposcopías del cérvix,"Saul Olivera Perdomo, Marta L Baguer Dıazromanach, Damian Valdes Santiago, Agueda Santana Martınez","Facultad De Matemática Y Computación Universidad De La Habana, Hospitalmaternode10deoctubrelahabanacuba","Colposcop´ıadelce´rvix, Segmentacio´n, Regio´nacetoblanca, Agrupamiento, Morfolog´ıamatema´tica"
Solucion De Un Problema De Contorno Complejo Para Ecuaciones De Tipo Parabolico: Caso Indice Cero,Solución de un problema parabólico con condiciones de contorno complejas,"Dr Lorgio F Batard Martinez, Dra Yanelis Estrada Hernandez, Lic Roxana Perez Garcia","Departamento De Matematica Universidad Central De Las Villas 54830 Santa Clara Cuba, Departamento De Fisica Universidad Central De Las Villas 54830 Santa Clara Cuba","Ecuación, Riemman, Parabólico"
La Ponderación De Parámetros En Un Modelo De Zika,Modelos matemáticos para el zika,"Erick Manuel Delgado Moya, Aymee Marrero Severo","Departamento De Matematica Pontificia Universidade Catolica Do Rio De Janeiro Brasil, Facultad De Matemática Y Computación Universidad De La Habana","Control, Modelo, Ponderación, Zika"
Varianza Del Coeficiente De Confusión Y No-Linealidad De S-Cajas Dentro De Las Clases Hamming Weight,Varianza del coeficiente de confusión y no-linealidad de s-cajas en clases hamming weight,"Ismel Martinez Diaz, Dianne Miyares Moreno, Cm Legon","Facultad De Matemática Y Computación Universidad De La Habana, Direccion De Calidad Universidad Tecnologica De La Habana Habana Cuba","S-caja, Hw, Ccv"
Estrategia Didáctica Para Contribuir Al Proceso De Enseñanza - Aprendizaje De La Integral Definida,Estrategia didáctica para enseñanza de integral definida,"Jonathan Chicaiza Intriago, Ricardo Sanchez Casanova, Yolanda Ofarrill Dinza","Facultad De Ingenieria Agricola Escuela Superior Politecnica Agropecuariade Manabi Ecuador, Facultad De Matemática Y Computación Universidad De La Habana, Facultad De Matemática Y Computación Universidad De La Habana","Integraldefinida, Tecnologíainformática, Asistentematemático, Mathcad"
Estratificacio´N E Inclinacio´N En Ciertas A´Lgebras De Tipo A Equiorientada,Teoría de inclinación en álgebras de tipo a equiorientadas,"Jose Armando Vivero Gonzalez, Jose Fidel Hernandez Advıncula",Facultad De Matemática Y Computación Universidad De La Habana,"A´lgebracuasi-hereditarias, Mo´duloinclinante, Mo´dulocaracter´ıstico"
Recolucio´N De Ecuaciones De Segundo Grado A Partir De Una Experiencia Basada En La Implementacio´N De Secuencias Dida´Cticas.,Secuencias didácticas para resolver ecuaciones cuadráticas,"Marıa Virginia Rodrıguez Quiroz, Idania Urrutia Romanı","Universidad San Agustın Arequipa Peru, Universidad De La Habana","Secuencias dida´cticas, Competencias, Resolucio´n de ecuaciones, Teor´ıa socioformativa, Tic, Aprendizajes significativos"
Random Diffusion Optimal Permutations With A Look In Dynamic Rijndael,Generación aleatoria de permutaciones óptimas de difusión para rijndael dinámico,"Adrian Alfonso Penate, Pablo Freyre Arrozarena",Institute Of Cryptography Faculty Of Mathematics And Computer Science University Of Havana Cuba,"Shiftrows, Rijndael, Difusio´n, Diffusion"
Ngat: Plataforma Para La Obtención De Redes De Transporte Para El Trabajo Con Problemas De Diseño De Rutas,Plataforma para obtención de redes de transporte y diseño de rutas,"Rainer Llera Menocal, Alberto Fernandez Oliva, Joanna Campbell Amos",Departamento De Programacion E Ingenieria De Software Universidad De La Habana La Habana Cuba,"Redes de transporte, Problemas de diseño de rutas, Sig, Plataforma"
Optimizacio´N Del Test Lil-De´Bil Para La Evaluacio´N De Prgn,Optimización del test lil-débil para la evaluación de prgn,"Y Matos, C M Legon, E J Madarro","Universidad De La Habana Facultad De Matematica Y Computacion Instituto De Criptografia La Habana Cuba, Cujae Facultad De Informatica La Habana Cuba, Universidad Central De Las Villas Villa Clara Cuba","Evaluacio´nde prgn, Test de aleatoriedad, Optimizacio´n del test lil-de´bil"
Algoritmo Esteganogra´Fico Pseudo-Asime´Trico Basado En Una Tabla De Cuantificacio´N No Esta´Ndar,Algoritmo esteganográfico pseudo-asimétrico basado en una tabla de cuantificación no estándar,"A Figueroaromero, A Sorialorente","Facultad De Matemática Y Computación Universidad De La Habana, Facultaddecienciastecnicasuniversidaddegranmacuba","Estaganograf´ıa, Pseudo-asime´trico, Matrizcuantizacio´n"
Modelo De Programación Lineal Difusa Multiobjetivo Para La Evacuación Óptima De Personas Bajo Amenaza De Desastres Naturales,Modelo de programación lineal difusa para evacuación óptima en desastres naturales,"Ernesto Parra Inza, Carlos Segura Vidal, Jose Maria Sigarreta Almira, Juan Carlos Hernandez Gomez","Departamento De Licenciatura En Matematica Universidad De Holguin Holguin Cuba, Unidad Academica De Matematicas Universidad Autonoma De Guerrero Guerrero Mexico","Programación lineal difusa multiobjetivo, Gestión operativa de desastres"
Tabla De Evaluacio´N De Stress Para Escalamiento Multidimensional,Evaluación de stress en escalamiento multidimensional,"Lic Javier Alejandro Quintero Roba, Lic Marıa Esther Reyes Calzado, Dra Elina Miret Barroso, Alejandro Javier Quintero Roba",Facultad De Matemática Y Computación Universidad De La Habana,"Escalamientomultidimensional, Stress, Tabladeevaluacio´ndestress"
Soluciones De Onda Viajera De Un Modelo Continuo De Transmisión De Energía En Medios No Homogéneos,Soluciones de onda viajera en medios no homogéneos,Jorge E Maciasdiaz,Departamento De Matematicas Y Fisica Universidad Autonoma De Aguascalientes Mexico,
Modelacio´N Y Solucio´N Del Problema Del Pe´Ndulo Doble Utilizando Rk-4,Modelado y solución del problema del péndulo doble con rk-4,"Miguel Angel Abreu Teran, Alejandro Mesejo Chiong, Glicerio Viltres Castro","Departamentodematematicaaplicadauniversidaddeorientecuba, Facultad De Matemática Y Computación Universidad De La Habana","Modelacio´nmatema´tica, Edosnolineales, Solucio´ndesistemasdeedosnolineales"
Algoritmo Optimizado Para La Interpolación Espacial Del Krigeado Ordinario,Algoritmo optimizado para interpolación espacial de krigeado ordinario,"Milenis Fernandez Diaz, Jose Quintin Cuador Gil, Cesar Raul Garcia Jacas","Centro De Geoinformatica Y Senales Digitales Universidad De Las Ciencias Informaticas La Habana Cuba, Departamento De Fisica Universidad De Pinardel Rio Pinardel Rio Cuba, Facultad De Matemática Y Computación Universidad De La Habana","Geoestadística, Interpolación espacial, Krigeado ordinario, Programación paralela"
Implementacio´N De Un Esquema De Aproximacio´N Para El Problema De Transferencia De Masas,Problema de transferencia de masas de monge-kantorovich,"Mirıam G Baezhernandez, M Lorena Avendanogarrido, J Rigoberto Gabrielarguelles",Facultad De Matematicas Univesidad Veracruzana Mexico,"Esquemadeaproximacio´n, Programacio´nlineal, Transferenciademasas"
Empleo De Te´Cnicas De Regularizacio´N Para La Solucio´N Del Problema Inverso Unidimensional En La Tomograf´Ia Optica Difusa,Técnicas de regularización para problemas inversos en tomografía óptica difusa,"Carmen Tejeda Toledo, Luis Orlando Castellanos Perez",Departamento De Licenciatura En Matemática Universidad De Holguín,"Pseudoinversa, Tomograf´ıa, Problema inverso, Regularizacio´n"
Un Esquema Spline Co´Nico De Hermite Fair.,Esquema spline co´nico de hermite fair,"D Garcıa Perez, J Estrada Sarlabous, S Behar Jequın, W Morales Lezca","Departamentodematematicainstitutodeciberneticamatematicayfısicalahabanacuba, Facultad De Matemática Y Computación Universidad De La Habana","Fairness, G1-continuidad, Seccio´nco´nica, Splineracionaldebe´zier, Interpolacio´ndehermite"
Iv Seminario Científico Nacional De Criptografía,Seminario científico de criptografía,Prof Dr Luis Ramiro Pineiro Diaz,"Instituto De Criptografia, Facultad De Matemática Y Computación Universidad De La Habana, Seccion Cientifica De Criptografia Scmc",
Protocolo Para El Intercambio De Claves Criptográficas Basado En El Problema 'Learning With Rounding',Protocolo de intercambio de claves criptográficas basado en lwr,"Esp David Ricardo Ledo Baster, Dr C Manuel Marino Betancourt, Dr C Miguel Cruz Ramirez","Departamentodeinformaticauniversidaddeholguınholguıncuba, Universidaddeholguınholguıncuba","Protocolosdeintercambiodeclaves, Criptograf´ıaasime´trica, Criptograf´ıapostcua´ntica"
Generación De Matrices Circulantes Invertibles Y Su Aplicación Al Criptosistema Mceliece,Generación de matrices circulantes invertibles y su aplicación al criptosistema mceliece,"Ernesto Dominguez Fiallo, Frank E Acosta Fonseca, Luis R Pineiro Diaz",Instituto De Criptografia Universidad De La Habana La Habana Cuba,"Matrices circulantes invertibles, Criptosistema mceliece, Criptografía post-cuántica"
"Depósito Y Recuperación De Llaves, Un Elemento A Considerar Para La Infraestructura De Llave Pública En Cuba",Infraestructura de llave pública y recuperación de llaves en cuba,Teresa Bernarda Pages Lopez,Instituto De Criptografia Universidad De La Habana La Habana Cuba,"Infraestructura de llave pública (ilp), Deposito de llaves, Recuperación de llaves"
Generacio´N De Curvas El´Ipticas Con Buenas Propiedades Criptogra´Ficas Sobre Campos Primos,Generación de curvas elípticas con propiedades criptográficas,"Yessica Caridad Castano Sainz, Claudia Espinosa Contreras, Huber Martınez Rodrıguez","Instituto De Criptografıa Universidaddelahabana La Habana Cuba, Empresa De Tecnologıas Para La Defensa Xetid, Departamentodematematica Facultad De Ciencias Informaticas Universidad De Ciego De Avila Cuba","Para´metros de definicio´n de curvas el´ıpticas, Requisitos de seguridad, Requisitos te´cnicos"
Cálculo De Bases De Gröbner Completas Asociadas A Códigos Lineales,Cálculo de bases de gröbner completas asociadas a códigos lineales,"Mijail Borges Quintana, Jose A Ornella Rodriguez",Departamento De Matematica Universidad De Oriente Santiago De Cuba Cuba,"Bases de gröbner, Algoritmo de möller, Códigos lineales, Equivalencia de códigos"
Criptoanálisis Algebraico A Cifrados En Bloques,Criptoanálisis algebraico a cifrados en bloques,"Irene Martinez Ferrer, Miguel Angel Borges Trenard, Mijail Borges Quintana","Direccion De Criptografia Ministerio Del Interior Santiago De Cuba Cuba, Departamento De Matematica Universidad De Oriente Santiago De Cuba Cuba","Criptoanálisis algebraico, Base de gröbner, Cifrados en bloques"
Hybrids Heuristics Algorithms For S-Box Design,Algoritmos híbridos heurísticos para diseño de s-caja,"Antonio Bolufe Rohler, Dania Tamayo Vera, Rodnel Pena Alvarado",Institutode Criptografıa Universidaddela Habana La Habana Cuba,"Algoritmos heur´ısticos, Metaheur´ıstico, Optimizacio´n, Criptograf´ıa, S-cajas, Criptoana´lisis"
Algoritmo Determinista De Factorizacio´N,Algoritmo determinista de factorizacio´n,"Alexi Masso Munoz, Magdiel Vicet Morejon, Redelio Hernandez Rubio","Institutodecriptografıa Universidaddelahabana Lahabana Cuba, Catedradeinformatica Institutotecnicomilitar Lahabana Cuba","Factorizacio´n, Me´todo, Algoritmo"
S-Cajas Afines Con Igual Varianza Del Coeficiente De Confusión,Propiedades de s-cajas en cifradores de bloques,"Ismel Martinezdiaz, Alejandro Freyre, Eziel Ramos, Cm Legon",Facultad De Matemática Y Computación Universidad De La Habana,"S-cajas, No-linealidad, Varianza del coeficiente de confusión"
Debilidades De Los Métodos De Discretización Para Contraseñas Gráficas,Análisis de métodos de discretización para autenticación gráfica,"Ernesto A Borrego Rodriguez, Pedro E Navarro Sosa, Carlos M Legon Perez",Instituto De Criptografia Universidad De La Habana La Habana Cuba,"Autenticación gráfica, Discretización, Región de tolerancia, R-seguridad"
Ataques A Cifrados En Bloques Mediante Búsquedas En Grupos Cocientes De Las Claves,Ataques a cifrados en bloques usando teoría de grupos,"Osmani Tito Corrioso, Miguel A Borges Trenard, Mijail Borges Quintana","Departamento De Matematica Facultad De Ciencias De La Educacion Universidad De Guantanamo Cuba, Departamento De Matematica Facultad De Ciencias Naturales Y Exactas Universidad De Oriente Cuba","Algoritmo genético, Grupo cociente, Criptoanálisis, Aes(t)"
Patrones En El Orden De Los Clics Y Su Influencia En La Debilidad De Las Claves En La Técnica De Autenticación Gráfica Passpoints,Influencia de patrones de clics lineales en la seguridad de contraseñas gráficas,"Osviel Rodriguez Valdes, Carlos M Legon, Raisa Socorro Llanes","Departamentodeprogramacionysistemasdigitalesuniversidaddelascienciasinformaticaslahabanacuba, Institutodecriptogtafıauniversidaddelahabanalahabanacuba, Universidadtecnologicadelahabanajose Aecheverrıalahabanacuba","Graphical password, Authentication, Linear click patterns, Human-seeded attack, Weak passwords, Password space"
Evaluación De Los Criptosistemas Mceliece Y Niederreiter Como Candidatos Post-Cuánticos,Análisis de criptosistemas mceliece y niederreiter como candidatos post-cuánticos,"Ernesto Dominguez Fiallo, Frank E Acosta Fonseca, Luis R Pineiro Diaz",Instituto De Criptografia Universidad De La Habana La Habana Cuba,"Mceliece, Niederreiter, Criptografía post-cuántica, Criptoanálisis"
Construction Of Mds Matrices Combining The Feistel And Lai-Massey Schemes,Construction of mds matrices using feistel and lai-massey schemes,"Ramses Rodrıguez Aulet, Reynier A De La Cruz Jimenez","Instituto De Criptografıa, Universidad De La Habana, La Habana, Cuba","Diffusion, Involutory matrix, Almost involutory matrix, Mds matrix"
"Un Modelo De Triple Porosidad, Triple Permeabilidad Y Derivadas Fraccionarias Para La Presión Transiente En Yacimientos Fracturados Con Geometría Fractal",Modelo de flujo fractal y fraccionario para yacimientos fracturados,"Mario A Veravillamar, Jose A Mesejochiong","Escuela Superior Politecnica Del Litoral Guayaquil Ecuador, Facultad De Matemática Y Computación Universidad De La Habana","Modelodeflujo, Mediosfractales, Derivadafraccionaria, Tripleporosidad"
Tablas De Contingencia Y Modelos Log-Lineales. Una Aplicación En Un Problema De Salud.,Análisis de variables catego´ricas en problemas de salud,"Brenda Lambert Lamazares, Vivian Sistachs Vega","Departamento De Matematica Instituto De Cibernetica Matematica Y Fisica La Habana Cuba, Facultad De Matemática Y Computación Universidad De La Habana","Variables catego´ricas, Tablas de contingencia, Modelos log-lineales, S´ındromedeguillain-barre´"
Nuevo Modelo Probabilístico En Autenticación Gráfica,Modelo probabilístico en autenticación gráfica,"Carlos Miguel Legon, Pedro Navarro, Raisa Socorro, Osviel Rodriguez, Ernesto Borrego","Facultad De Matemática Y Computación Universidad De La Habana, Facultad De Informatica Universidad Tecnologica De La Habana, Facultad De Ciencias Y Tecnologias Universidad De Las Ciencias Informaticas","Autenticación gráfica, Modelo probabilístico, Contraseñas"
Las Oportunidades De Aprender Matemáticas Desde Una Perspectiva Abarcadora,Enseñanza-aprendizaje de matemáticas con herramientas tecnológicas,"Dagoberto Acosta Iglesias, Amaury Perez Martinez, Manuel Guardado Hernandez","Departamento Ciencias De La Tierra Universidad Estatal Amazonica Puyo Ecuador, Departamento De Ingenieria Quimica Universidad De Camaguey Camaguey Cuba, Departamento De Matematica Universidad De Camaguey Camaguey Cuba","Aprendizaje, Razonamiento, Pensamiento lógico"
Estimación Del Porcentaje De Carbono Orgánico En Suelos Utilizando Imágenes Satelitales Y Modelos Mixtos,Estimación de carbono orgánico en suelos con modelos mixtos,"Ana A Oroza Hernandez, Gladys Linares Fleites, Hortensia J Reyes Cervantes, Bulmaro Juarez Hernandez","Facultad De Ciencias Fisico Matematicas Benemerita Universidad Autonoma De Puebla, Departamento De Investigacion En Ciencias Agricolas Instituto De Ciencias Benemerita Universidad Autonoma De Puebla Puebla Mexico","Secuestro de carbono, Modelos lineales generalizados mixtos, Regresión gamma"
Interconnection Networks And Graph Theory,Teoría de grafos y redes de interconexión,Maria De Luz Gasca Soto,Departamentodematematicasuniversidadnacionalautonomademexicomexico,"Computacio´nenparalelo, Teor´ıadegra´ficas, Redesdeinterconexio´n, Hipercubo"
Modelo Para El Proceso De Desarrollo Del Pensamiento Lógico-Matemático Avanzado,Modelo para el desarrollo del pensamiento lógico-matemático avanzado,"Serdaniel Nieves Pupo, Rita A Roldan Inguanzo","Universidad De Pinardel Rio Hermanos Saiz Montes De Oca Cuba, Universidad De La Habana","Pensamiento lógico-matemático avanzado, Representaciones semióticas, Descomposición genética de conceptos, Método genético-constructivo"
Algoritmo Rápido De Codificación Fractal Para La Detección De Masas En Mamografías,Detección de masas en mamografías con codificación fractal,"Nigreisy Montalvo Zulueta, Mariella Lorenzo Suarez, Angela Leon Mecias, Lorena Leon Arencibia","Instituto De Cibernetica Matematica Y Fisica, Instituto De Meteorologia De La Republica De Cuba, Facultad De Matemática Y Computación Universidad De La Habana","Mammografía, Anomalía masa, Codificación fractal, Vector de características, Transformaciones afines"
Decoradores Tipo Python Para Funciones En C# Utilizando Atributos Y La Api De Roslyn,Decoradores tipo python en c# usando roslyn,"Antonio Alejo Combarro, Jose Manuel Espinoza, Ludwig Leonard Mendez, Miguel Katrib Mora",Programming Department Havana University Havana Cuba,"Metaprogramación, C#, Roslyn, Python, Decoradores"
El Proceso De Enseñanza-Aprendizaje De La Matemática Desde Un Enfoque Semántico,Enseñanza de matemáticas desde un enfoque semántico,"Eladio Jorge Oliveros Sauco, Ricardo Sanchez Casanova, Idania Urrutia Romanı","Departamentodematematicauniversidadsantamarıacampusguayaquilecuador, Facultad De Matemática Y Computación Universidad De La Habana, Facultad De Matemática Y Computación Universidad De La Habana","Sema´nticamatema´tica, Podersema´ntico, Heur´ıstica"
