autores_normalizados,afiliaciones_normalizadas,tematica,palabras_clave,titulo
"Carlos Javier Perez Perez, Felicia Perez Moya, Angela Rosa Herrera Trocones",Universidad De Ciencias Medicas De Sancti Spiritus Facultad De Ciencias Medicas Dr Faustino Perez Hernandez Sancti Spiritus Cuba,Capacidades de ia generativa en bioquímica y metabolismo,Inteligencia artificial generativa: capacidades de llama-3.1-70b-instruct en las asignaturas bioquímica y metabolismo y nutrición,
"Carlos Garcia, Abel Rodriguez, Norma Cabrera, Luisa Gonzalez",Departamento De Ciencia De La Computacion Universidad Central De Las Villas Cuba,Análisis de dependencia de existencia en asociaciones,"Dependencia de existencia, Diseño de bases de datos, Entidades débiles, Interrelaciones débiles, Modelación de datos",Caracterización De La Dependencia De Existencia En Interrelaciones Binarias
"Andres Gago Alonso, Luis Santiago Moreno, Luis Ramiro Pineiro","Cenatav, Universidad De Toronto, Universidad De La Habana",Ecuaciones de toda y polinomios ortogonales,,Aplicación De Las Fracciones Continuas Generalizadas Y La Conexión Con Los Polinomios Ortogonales Generales En Ecuaciones De Tipo Toda
"Cacoq Junot, Carlos Diaz Novo, Larisa Zamora Matamoros","Universidad De Oriente, Centro De Biofisica Medica",Análisis cuantitativo de la cinemática del ciclo de marcha,"Bootstrap, Banda de predicción, Banda confidencial, Cinemática, Ciclo de marcha",Una Metodología Para La Interpretación Cuantitativa De La Cinemática Del Ciclo De Marcha
"Jose Victor Tamariz Flores, Gladys Linares Fleites, Jesus A Ruiz Careaga, Jenaro Reyes M, Otilio Acevedo S","Postgrado De Ciencias Ambientales Icuap, Departamento De Investigacion En Ciencias Agricolasinstituto De Cienciasbenemerita Universidad Autonoma De Puebla, Universidad Autonoma Del Estado De Hidalgo",Análisis de degradación de suelos,"Análisis de correspondencias, Erosión de suelo, Regresión logística",Determinación De Las Causas De La Degradación Del Suelo A Través Del Análisis De Correspondencias Simple Y De Regresión Logística Binaria
"Mg Tenorio Arvide, Ma Valera Perez, G Linares Fleites, O A Acevedo Sandoval, Jb Dixon","Postgrado En Ciencias Ambientales Icuap B Universidad Autonoma De Puebla Mexico, Dpto De Investigaciones En Ciencias Agricolas B Universidad Autonoma De Puebla Mexico, Universidad Autonoma De Hidalgo, Texas Am University College Station Texas Usa",Análisis de calidad de suelos en sierra norte de puebla,"Andisoles, Calidad inherente, Calidad dinámica, Función discriminante","Analisis Discriminante Lineal En El Estudio De La Calidad De Los Suelos De La Sierra Norte De Puebla, Mexico."
"Pedro Dominguez Wade, Jesus Barreto Molina","Universidad De Matanzas, Universidad Pedagogica De Villa Clara Cuba",Anillos de schur y módulos globalmente simples,,Anillos De Schur Y Módulos -Globalmente Simples
"Aida Maria Torres Alfonso, Damasa Martinez Martinez","Facultad De Matematica Fisica Y Computacion, Universidad Central De Las Villas",Comprensión matemática en educación,"Comprensión matemática, Modelos, Situaciones didácticas",La Comprensión Desde La Perspectiva De La Educación Matemática
"E Menendez, J Villagomez, M A Herrera","Dpto Matematica Aplicada Facultad De Matematica Y Computacion Universidad De La Habana Cuba, Unidad Academica Facultad De Matematica Sede Acapulco Universidad Autonoma De Guerrero Mexico",Independencia de la media y varianza muestrales en distribución normal,"Distribución t-student, Independencia, Media muestral, Varianza muestral",Una Recomendación Para La Demostración De La Independencia De La Media Y La Varianza Muestrales
"Minerva Montero1, Ernestina Castell2, Mario M Ojeda3","Instituto De Cibernetica Matematica Y Fisica La Habana Cuba, Universidad De La Habana La Habana Cuba, Universidad Veracruzana Xalapa Mexico",Análisis de tablas de contingencia con modelos multinivel,"Tablas de contingencia, Modelos multinivel, Enfoque gsk",Multilevel Model For A Sample Of Contingency Tables: A Simulation Study
Rafael Olivasantos,Facultad De Matematica Y Computacion Universidad De La Habana,Desarrollo de la web y socialización de información,,Socialización De La Información Y El Conocimiento En La Web
"Miriam Nicado Garcia, Aymee Marrero Severo",Universidad De La Habana,Modelos matemáticos en epidemiología,,Modelos Matemáticos En El Análisis De La Covid-19
"Raul Guinovart Diaz, Isidro A Abello Ugalde, Wilfredo Morales Lezca, Julian Bravo Castillero, Reinaldo Rodriguez Ramos, David Guinovart Sanjuan","Departamento De Matematica Universidad De La Habana La Habana Cuba, Centro De Estudios Para El Perfeccionamiento De La Educacion Superior Universidad De La Habana La Habana Cuba, Unidad Academica Del Instituto De Investigaciones En Matematicas Aplicadas Y En Sistemas En Yucatan Universidad Nacional Autonoma De Mexico, Department Of Mathematics University Of Central Florida 4393 Andromeda Loop N Orlando Fl 32816 Usa",Modelos sir para epidemias de covid-19,"Endemia, Covid-19, Modelos sir, Número reproductivo básico, Rebrote",Modelos Sir Para El Seguimiento De La Covid-19 En Cuba
"Aymee Marrero Severo, Daniel Mencio Padron, Gabriela Bayolo Soler",Departamento De Matematica Universidad De La Habana La Habana Cuba,Modelo seair para covid19 en cuba,"Modelo seair, Covid19, Número reproductivo básico, Tasa de transmisión",Modelo Seair Con Percepción De Riesgo Para La Covid19. Caso Cuba
"Jose Alejandro Mesejochiong, Angela Mireya Leonmecias",Departamento De Matematica Aplicada Facultad De Matematica Y Computacion Universidad De La Habana La Habana Cuba,Modelos fenomenológicos para covid-19 en cuba,"Covid-19, Modelos fenomenológicos, Crecimiento de epidemias",Modelos Fenomenológicos Aplicados Al Estudio De La Covid-19 En Cuba
"Celia T Gonzalez Gonzalez, Mariano Rodriguez Ricard",Departamento De Matematica Universidad De La Habana La Habana Cuba,Modelo de dinámica de epidemia con una sola ecuación,"Modelo sir, Dinámica de epidemia",Modelando La Covid-19 Con Solo Una Ecuación
"Carlos R Sebrango Rodriguez, Lizet Sanchez Valdes, Waldemart Baldoquin, Osvaldo Norman Montenegro, Raul Guinovart","Universidad De Sancti Spiritus Jose Marti Perez Centro De Estudios De Energia Y Procesos Industriales Ceepi Cuba, Centro De Inmunologia Molecular La Habana Cuba, Instituto De Medicina Tropical Ipk La Habana Cuba, Centro De Bioactivos Quimicos Uclv Villa Clara Cuba, Universidad De La Habana Facultad Matematica Y Computacion Cuba",Modelos dinámicos para predecir casos de covid-19 en cuba,"Covid-19, Modelos fenomenológicos dinámicos, Modelo no lineal con efectos mixtos",Predicciones En Tiempo Real De La Covid-19 En Cuba Y Sus Provincias: Modelos Fenomenológicos Dinámicos Y Un Modelo No Lineal Con Efectos Mixtos.
"Gabriel Gil, Alejandro Lagecastellanos","Departamento De Fisica Teorica Instituto De Cibernetica Matematica Y Fisica Icimaf La Habana Cuba, Departamento De Fisica Teorica Facultad De Fisica Universidad De La Habana La Habana Cuba",Estimación de infecciones indocumentadas de covid-19 en cuba,"Covid-19, Cuba, Modelos epidemiológicos de compartimentos, Métodos de inferencia bayesiana",Estimación De Infecciones Indocumentadas De Covid-19 En Cuba A Través De Un Método Híbrido Mecano-Estadístico
"Osvaldo Norman Montenegro, David Rodriguez Fernandez, Carlos De La Caridad Rodriguez Fadragas, Carlos Sebrango Rodriguez, Yanet Rodriguez Sarabia, Roxana Perez Garcia, Luis B Lecha Estela, Maria Del Carmen Velasco Gomez, Barbara Rodriguez","Centro De Bioactivos Quimicos Villa Clara Cuba, Departamento De Fisica Universidad Central Marta Abreu De Las Villas Villa Clara Cuba, Centro De Estudios De Energia Y Procesos Industriales Ceepi Sancti Spiritus Cuba, Departamento De Ciencias De La Computacion Universidad Central Marta Abreu De Las Villas Villa Clara Cuba, Departamento De Matematica Universidad Central Marta Abreu De Las Villas Villa Clara Cuba, Centro Meteorologico De La Isla De La Juventud Insmet Isla De La Juventud Cuba, Delegacion Del Citma En Villa Clara Villa Clara Cuba, Centro Provincial De Higiene Epidemiologia Y Microbiologia Villa Clara Cuba",Modelos de crecimiento sigmoidal para pronóstico en tiempo real de covid-19,"Covid-19, Modelos de crecimiento sigmoidal, Sir, Pronósticos en tiempo real",Aplicación De Modelos De Crecimiento Sigmoidal En El Pronóstico En Tiempo Real Del Brote De La Covid-19 En Villa Clara
"Daniel Mencio Padron, Gabriela Bayolo Soler, Aymee Marrero Severo",Departamentodematematicauniversidaddelahabanalahabanacuba,Modelo sairv para la evolución de covid19 en cuba,"Modelosairv, Covid19, Cuarentena, Hospitalización, Tasadetransmisión","Evolución De La Covid19 A Partir De Un Modelo Sairv Con Tasa De Transmisión Variable Ante Percepción De Riesgo, Cuarentena Y Hospitalización. Caso Cuba"
"Nana Cabo Bizet, Alejandro Cabo Montes De Oca","Departamentodefisica Dci Campus Leon Universidad De Guanjuato Cp37150 Leon Guanajuato Mexico, Departamentodefisica Teorica Institutodecibernetica Matematicayfisica Calle E No309 Vedado La Habana Cuba",Modelos sir modificados para covid-19,"Suceptibles-infectados-recuperados, Tasadecontagiovariable, Tasaderecuperación",Modelos Sir Modificados Para La Evolución Del Covid-19
"Marelys Crespo Navas, Pedro Pablo De La Cruz Cobas, Ernesto Quevedo Caballero, Jose E Valdes Castro","Departamentodematematicaaplicadauniversidaddelahabanalahabanacuba, Universidaddelahabanalahabanacuba",Procesos de ramificación aplicados al estudio de la transmisión de covid-19,"Covid-19, Procesosderamificación, Simulación",Los Procesos De Ramificación Y Su Aplicación Al Estudio De La Transmisión De La Covid-19 En Cuba
"Patricia Lorenzoluaces, Antonio Torresreyes, Paula Fonte, Nancy Perez, Lizet Sanchez","Direccion De Ensayos Clinicos Centro De Inmunologia Molecular La Habana Cuba, Facultad De Geografia Universidad De La Habana La Habana Cuba, Facultad De Matematica Y Computacion Universidad De La Habana La Habana Cuba",Análisis espacial de la incidencia de covid-19 en cuba,"Análisis espacial, Modelos bayesianos, Distribución geográfica, Covid19",Análisis Espacial De La Incidencia De Covid-19 En Pequeñas Áreas Geográficas En Cuba
"Sira M Allende Alonso, Gemayqzel Bouza Allende, William L Sariolnunez",Departamento De Matematica Aplicada Universidad De La Habana Cuba,Estimación de camas para covid-19 en cuba,"Estimación, Logística, Número de camas",Covid-19 En Cuba: Estimación Del Número De Camas Diarias Que Se Requieren Durante Un Período De La Epidemia
Miguel Cruz Ramirez,Departamento De Matematica Universidad De Holguin Cuba,Aplicación del delphi de nube en la percepción subjetiva del pico de la covid-19,"Covid-19, Delphi de nube, Percepción, Modelos gausianos mixtos, Paquete r",Una Aplicación Del Delphi De Nube En La Percepción Subjetiva Del Pico De La Covid-19
"Hector Gonzalez, Carlos Morell, Yanet Rodriguez","Facultad 2 Universidaddelas Ciencias Informaticas La Habana Cuba, Centro De Investigaciones Dela Informatica Universidad Central Marta Abreu De Las Villas Villa Clara Cuba, Departamentode Ciencias Dela Computacion Universidad Central Marta Abreude Las Villas Villa Clara Cuba",Predicción de covid-19 en cuba con aprendizaje automático,,Predicción A Corto Plazo Del Comportamiento De La Covid-19 En Cuba: Un Análisis Desde La Perspectiva Del Aprendizaje Automático.
Minerva Montero Diaz,Dpto De Matematica Instituto De Cibernetica Matematica Y Fisica La Habana Cuba,Modelos multinivel para predecir casos de covid-19,"Covid-19, Coronavirus, Modelos multinivel, Predicción",Un Modelo Multinivel Para La Predicción Del Total De Casos Confirmados De Covid-19 En Cuba: Comparación Con Otros Países
"Annia Ruiz Sanchez, Erick Eduardo Ramireztorres, Antonio Rafael Selva Castaneda, Sandy Sanchez Dominguez, Roberto Labradaclaro, Marlon Cobasbatista, Luis Enrique Bergues Cabrales, Luis Eugenio Valdes Garcia, Isabel Marten Powell, Antonio Ivan Ruiz Chaveco","Departamento De Matematica Facultad De Ciencias Naturales Y Exactas Universidad De Oriente Cuba, Departamento De Ingenieria Biomedica Facultad De Ingenieria En Telecomunicaciones Informatica Y Biomedica Universidad De Oriente Santiago De Cuba Cuba, Departamento De Telecomunicaciones Facultad De Ingenieria En Telecomunicaciones Informatica Y Biomedica Universidad De Oriente Santiago De Cuba Cuba, Direccion De Ciencia E Innovacion Tecnologica Centro Nacional De Electromagnetismo Aplicado Universidad De Oriente Santiago De Cuba Cuba, Centro Provincial De Higiene Epidemiologia Y Microbiologia Santiago De Cuba Cuba, Universidad De Ciencias Medicas De Santiago De Cuba Cuba",Modelo matemático de interacción virus-sistema inmune con activación de células nk,"Célula nk, Modelo matemático, Sistema inmune, Virus",Modelo Matemático De La Interacción Virus-Sistema Inmune Con Activación De Células Nk
"Mijail Borges Quintana, Eloy Rafael Oliveros Dominguez","Departamento De Matematica Facultad De Ciencias Naturales Y Exactas Universidad De Oriente Santiago De Cuba Cuba, Direccion De Informatizacion Universidad De Oriente Santiago De Cuba Cuba",Análisis de la covid-19 en cuba por seguimiento de pacientes y contactos,"Covid-19 en cuba, Comparación de localidades, Medidas de comparación",Análisis De La Epidemia De Covid-19 En Cuba Por Medio Del Seguimiento De Los Pacientes Infectados Y Sus Contactos
"Yavseny Roque Hernandez, Drac Teresa Bernarda Pages Lopez, Yaidir Mustelier Ruiz","Instituto De Criptografia, Facultad De Matematica Y Computacion, Universidad De La Habana, Cuba",Autoridad de certificación para emisión de certificados digitales,"Seguridad, Servicios, Certificados",2 Autoridad De Certificación De La Facultad De Matemática Y Computación De La Universidad De La Habana
"Miguel A Borges Trenard, Mijail Borges Quintana, Adrian Donatien Charon","Departamentodeeducacionenmatematicauniversidadantonionarinobogotacolombia, Departamentodematematicauniversidaddeorientesantiagodecubacuba, Departamentodematematicauniversidaddeorientesantiagodecubacuba",Criptoanálisis de cifrados en bloques con algoritmo genético,"Criptoanálisis, Cifradoenbloque, Algoritmogenético",Acerca Del Criptoanálisis A Cifrados En Bloques Mediante El Algoritmo Genético
"Pedro Enrique Navarro Sosa, Carlos Miguel Legon Perez, Raisa Socorro Llanes","Instituto De Criptografıa Universidad De La Habana La Habana Cuba, Facultad De Ingenierıa Informatica Universidad Tecnologica De La Habana La Habana Cuba",Medición de autenticidad en sistemas de autenticación gráfica,"Autenticacio´n gra´fica, Graphical autentication, Modelo probabil´ıstico, Probabilistic model, Cued recall",Midiendo La Legitimidad Del Usuario Autenticado En Sistemas De Autenticacio´N Gra´Fica “Cued Recall”
"Roberto Labrada Claro, Miguel Angel Borges Trenard, Mijail Borges Quintana","Direccion De Criptografia Ministerio Del Interior Santiago De Cuba Cuba, Departamento De Matematica Universidad De Oriente Santiago De Cuba Cuba",Criptoanálisis algebraico de cifrados en bloques ligeros,"Cifrados en bloques ligeros, Criptoanálisis algebraico, Base de gröbner",Criptoanálisis Algebraico A Cifrados En Bloques Ligeros
"Arlet Ponce Alvarez, Teresa B Pages Lopez, Yessica C Castano Sainz, Camilo Denis Gonzalez",Instituto De Criptografia Universidad De La Habana La Habana Cuba,Integración de curvas elípticas criptográficas en ejbca,"Criptografía asimétrica, Curvas elípticas, Software ejbca, Biblioteca bouncycastle",Integración De Curvas Elípticas Criptográficamente Seguras Al Ejbca
"Osmani Tito Corrioso, Miguel A Borges Trenard, Mijail Borges Quintana","Departamento De Matematica Facultad De Ciencias De La Educacion Universidad De Guantanamo Cuba, Departamento De Matematica Facultad De Ciencias Naturales Y Exactas Universidad De Oriente Cuba",Criptoanálisis de cifrados en bloques con algoritmo genético,"Algoritmo genético, Grupocociente, Criptoanálisis, Aes(t)",Análisis Y Diseño De Variantes Del Criptoanálisis A Cifrados En Bloques Mediante El Algoritmo Genético
"Osmani Tito Corrioso, Miguel A Borges Trenard, Mijail Borges Quintana","Departamento De Matematica Facultad De Ciencias De La Educacion Universidad De Guantanamo Cuba, Departamento De Matematica Facultad De Ciencias Naturales Y Exactas Universidad De Oriente Cuba",Criptoanálisis de cifrados en bloques con algoritmo genético,"Algoritmo genético, Grupocociente, Criptoanálisis, Aes(t)",Análisis Y Diseño De Variantes Del Criptoanálisis A Cifrados En Bloques Mediante El Algoritmo Genético
"Yessica C Castano Sainz, Carlos M Legon Perez, Teresa B Pages Lopez",Departamentode Criptografia Universidad De La Habana La Habana Cuba,Implementación de aritmética para curvas elípticas en bouncy castle,"Curvaselípticas, Multiplicaciónescalar, Tiempoconstante, Libredeexcepciones, Fórmulacompleta",Mejorando La Seguridad De La Implementación De La Multiplicación Escalar Para Curvas Generales En Forma De Weierstrass En Bouncy Castle
"Yessica C Castano Sainz, Carlos M Legon Perez, Teresa B Pages Lopez",Departamentode Criptografia Universidad De La Habana La Habana Cuba,Implementación de aritmética para curvas elípticas en bouncy castle,"Curvaselípticas, Multiplicaciónescalar, Tiempoconstante, Libredeexcepciones, Fórmulacompleta",Mejorando La Seguridad De La Implementación De La Multiplicación Escalar Para Curvas Generales En Forma De Weierstrass En Bouncy Castle
"Beatriz De Rancell Montero Deus, Jose Fidel Hernandez Advincula",Departamentodematematicauniversidaddelahabanacuba,Cohomología de hochschild de álgebras triangulares,"Cohomologíadehochschild, Extensiónporunpunto, Álgebradematricestriangulares, Hochschildcohomology, Onepointextension, Triangularmatrixalgebras",Cohomología De Hochschild Del Álgebra De Matrices Triangulares
"Aracelys Garcia Armenteros, Joanna Campbell Amos, Vivian Plasencia Calana","Departamento De Programacion E Ingenieria De Software Universidad De La Habana La Habana Cuba, Trabajador Por Cuenta Propia",Desarrollo de sig web con tecnologías abiertas,"Sig web, Openlatinoview, Openlatinoserver",Openlatinomurciaclient: Sig Web Con Tecnologías Abiertas
"Ernesto A Lopez Cadalso, Maria C Rivalta Valladares, Yasser Martin Guillen, Mercedes M Leal Acosta, Nelson T Hernandez Reyes","Departamento De Matematicafisica Facultad De Ciencias Naturales Y Exactas Universidad De Ciencias Pedagogicas Enrique Jose Varona La Habana Cuba, Facultad De Matematica Y Computacion Matcom Universidad De La Habana La Habana Cuba, Universidad De Ciencias Pedagogicas Enrique Jose Varona La Habana Cuba, Centro De Estudio De Matematica Para Ciencias Tecnicas Universidad Tecnologica De La Habana Jose Antonio Echevarria La Habana Cuba",Alternativa metodológica para la autopreparación de concursantes de matemática,"Alternativa metodológica, Autopreparación, Concursante",Alternativa Metodológica Para La Autopreparación De Concursantes De Matemática
"Annia Valiente Monte De Oca, Sandy Sanchez Dominguez, Antonio Ivan Ruiz Chaveco, Isabel Marten Powell","Mathematics Department Faculty Of Education Sciences Guantanamo University Cuba, Mathematics Department Faculty Of Natural And Exact Sciences University Of Oriente Santiago De Cuba Cuba, University Of The State Of Amazonas Brazil, Universidad De Ciencias Medicas De Santiago De Cuba Cuba",Mathematical model of toxin elimination,"Mathematical model, Quasi-normal form, Toxin elimination","Mathematical Study Of Toxin Elimination By The Liver, Circulatory System And The Kidneys"
"Camilo Mora Batista, Rafael M Avila Avila, Rosa Isabel Urquiza Salgado, Efren Vazquez Silva","Departamentodelicenciaturaenmatematica Universidad De Holguın Holguın Cuba, Departamentodematematica Universidad De Holguın Holguın Cuba, Universidad Politecnica Salesiana Sede Cuenca Carrera De Ingenierıa Mecanica Campus El Vecino Calle Vieja 1230y Elia Liut Cuenca Ecuador",Análisis de sensibilidad del modelo de bahill para movimientos sacádicos en pacientes atáxicos,"Modelomatema´tico, Ataxiahereditaria, Simulacio´n, Sistemadeecuacionesdiferenciales, Ana´lisisdesensibili- dad",Ana´Lisis De Sensibilidad Del Modelo De Bahill Aplicado A Movimientos Saca´Dicos En Pacientes Ata´Xicos
"Luis Manuel Avila Napolez, Rafael M Avila Avila, Ricardo Abreu Blaya","Departamentodematematicauniversidaddeholguınholguıncuba, Departamentodelicenciaturaenmatematicauniversidaddeholguınholguıncuba, Facultaddematematicauniversidadautonomadeguerreroguerreromexico",Problema de dirichlet para campos electromagnéticos en dominios con fronteras fractales y quirales,"Problemasdevaloresdefrontera, Ana´lisiscuaternio´nico, Camposelectromagne´ticos, Mediosquirales",Acerca Del Problema Homoge´Neo De Dirichlet Para Campos Electromagne´Ticos En Dominios Con Fronteras Fractales: Caso Quiral.
"Msc Beatriz Perez Lopez, Drc Jose Fidel Hernandez Advincula","Departamento De Matematicafisica Universidad Jose Marti De Sancti Spiritus Sancti Spiritus Cuba, Departamento De Matematica Universidad De La Habana La Habana Cuba",Estudios de álgebras localmente hereditarias a través de sus relaciones con posets y álgebras de incidencia,"Álgebras de incidencia, Álgebra l-hereditaria, Tipo de representación",Algebras Triangulares L-Hereditarias De Tipo De Representación Manso
"Frankie Mujica Cal, Joanna Campbell Amos, Eduardo Quesada Orozco",Departamento De Programacion E Ingenieria De Software Universidad De La Habana La Habana Cuba,Desarrollo de servidor de mapas multiplataforma,"Sig, Asp.netcore, Wms, Multiplataforma, Framework",Desarrollo De La Nueva Versión Multiplataforma De Openlatino Server (Ols)
"Iosvanny Jesus Alfonso Veloso, Dra Marta Lourdes Baguer Diazromanach, Dra Lydia Castro Odio","Facultad De Matematica Y Computacion Universidad De La Habana La Habana Cuba, Facultad De Artes Y Letras Universidad De La Habana La Habana Cuba",Agrupamiento de documentos mediante factorizaciones no negativas de matrices,"Corpus, Factorización, Agrupamiento",New Proposal To Adjust The Internal Rank In The Documents Clustering By Non Negative Matrix Factorizations
"Juana E Bermudez Sosa, Miguel A Borges Trenard",Departamento De Matematica Facultad De Matematica Y Computacion Universidad De Oriente,G-presentaciones del grupo simétrico,,G-Presentaciones Del Grupo Simétrico
"Luis A Salomon Hernandez, Rolando J Biscay Lirio","Departamento De Matematica Aplicada Universidad De La Habana Facultad De Matematica Y Computacion, Instituto De Cibernetica Matematica Y Fisica Icimaf",Método de linealización local para ecuaciones diferenciales estocásticas con semimartingalas,"Semimartingalas, Linealización local, Convergencia ucp",Una Variante Del Método De Linealización Local Para La Integración De Ecuaciones Diferenciales Estocásticas Con Respecto A Semimartingalas
"Lilian Muniz Alvarez, Rolando J Biscay Lirio","Facultad De Matematica Y Computacion Universidad De La Habana, Instituto De Cibernetica Matematica Y Fisica Icimaf",Modificación de la función de verosimilitud en modelos de regresión,"Función de verosimilitud suavizada, Modelos de regresión, Consistencia de estimadores",La Función De Verosimilitud Suavizada En Modelos De Regresión
Carlos Sanchez Fernandez,Universidad De La Habana Cuba,Influencia de abel en el análisis matemático del siglo xix,,Contribuciones Abelianas Al Análisis Matemático
"Jorge Erick Lopez Velazquez, Julian Bravo Castillero, Reinaldo Rodriguez Ramos",Facultad De Matematica Y Computacion Universidad De La Habana Ciudad De La Habana Cuba,Enfoque geométrico para introducir el concepto de campo central de la mecánica clásica,,Un Enfoque Geométrico Para Introducir El Concepto De Campo Central De La Mecánica Clásica
"Pedro Dominguez Wade, Jesus Barreto Molina","Universidad De Matanzas Cuba, Universidad Pedagogica De Villa Clara Cuba",Modular representations of groups with p-complement,,On The Modular Representations Of Group With P-Complement
"Lorgio F Batard, Otilio B Mederos, Andro Gonzales","Departamento De Matematica Universidad Central De Las Villas Santa Clara Villa Clara Cuba, Universidad De Ciego De Avila Ciego De Avila Cuba",Solución de problemas elípticos con condiciones de contorno complejas,,Solución De Un Problema De Contorno Complejo Para Las Ecuaciones De Tipo Elíptico
"Elina Miret Barroso, Gladys Linares Fleites, Maria V Mederos Bru",Facultad De Matematica Y Computacion Universidad De La Habana,Escalamiento multidimensional y representación euclidiana,,Un Enfoque Unificado Para Técnicas De Representación Euclidiana
"Esperanza Garcia Santoyo, Julian Bravo Castillero, Reinaldo Rodriguez Ramos, Federico J Sabina, Raul Martinez Rosado","Facultad De Matematica Y Computacion Universidad De La Habana La Habana Cuba, Instituto De Investigaciones En Matematicas Aplicadas Y Sistemas Universidad Nacional Autonoma De Mexico Mexico D F Mexico, Instituto Superior De Estudios Superiores De Monterrey Campus Estado De Mexico Escuela De Ingenieria Y Computacion Estado De Mexico Mexico",Propiedades efectivas de medios laminados termopiezoeléctricos,,Algunas Notas Sobre Las Propiedades Efectivas De Compuestos Laminados Termopiezoeléctricos
Concepcion Valdes Castro,Universidad De La Habana,Legado de jacob bernoulli al cálculo,,El Legado De Jacobo Bernoulli A La Ciencia Del Cálculo (Un Reconocimiento En El 300 Aniversario De Su Muerte)
Roldan Inguanzo R,Departamento De Matematica Facultad De Matematica Y Computacion Universidad De La Habana La Habana Cuba,Análisis funcional lineal,,Análisis Funcional Lineal
Valentina Badia Albanes,Departamento De Matematica Facultad De Matematica Y Computacion Universidad De La Habana La Habana Cuba,Álgebra computacional en la computación científica,,"Taller Internacional Sobre Álgebra Computacional En La Computación Científica (Casc), La Habana, 2023"
Luis Ramiro Pineiro Diaz,Instituto De Criptografia Facultad De Matematica Y Computacion Universidad De La Habana La Habana Cuba,Congreso internacional de matemática y computación,,"Xviii Congreso Internacional De Matemática Y Computación, Compumat 2023, La Habana, 2023"
"Kevin Talavera Diaz, Alberto Fernandez Oliva, Suilan Estevez Velarde",Departamento De Computacion Facultad De Matematica Y Computacion Universidad De La Habana Cuba,Evaluación de habilidades cognitivas de llm,"Habilidades cognitivas, Procesamiento del lenguaje natural, Llm",Evaluación De Habilidades Cognitivas De Diversos Modelos De Lenguajes A Gran Escala
"Kevin Talavera Diaz, Alberto Fernandez Oliva, Suilan Estevez Velarde",Departamento De Computacion Facultad De Matematica Y Computacion Universidad De La Habana Cuba,Evaluación de habilidades cognitivas de llm,"Habilidades cognitivas, Procesamiento del lenguaje natural, Llm",Evaluación De Habilidades Cognitivas De Diversos Modelos De Lenguajes A Gran Escala
Guillermo Enrique Ramirez Montes,Departamentode Educacion Matematica Universidad De Costa Rica San Jose Costa Rica,Enseñanza de matrices y conceptos asociados mediante el cifrado de hill,"Cifradodehill, Hojadecálculodeexcel, Matrices, Propuestadidáctica",Propuesta Didáctica Para La Enseñanza De Matrices Y Conceptos Asociados Mediante El Cifrado De Hill
Guillermo Enrique Ramirez Montes,Departamentode Educacion Matematica Universidad De Costa Rica San Jose Costa Rica,Enseñanza de matrices y conceptos asociados mediante el cifrado de hill,"Cifradodehill, Hojadecálculodeexcel, Matrices, Propuestadidáctica",Propuesta Didáctica Para La Enseñanza De Matrices Y Conceptos Asociados Mediante El Cifrado De Hill
"Adriana Diaz Cordero, Valentina Badia Albanes",Departamentodematematicafacultaddematematicaycomputacionuniversidaddelahabanalahabanacuba,Uso de pirámides instrumentales en la enseñanza del límite funcional,"Dificultadesdeaprendizaje, Límitefuncional, Pirámidesinstrumentales",Pirámides Instrumentales En La Enseñanza Y Aprendizaje Del Límite Funcional
"Lia De La Concepcion Zerquera Ferrer, Alberto Fernandez Oliva, Alejandro Piad Morffis, Suilan Estevez Velarde",Departamentodecomputacionfacultaddematematicaycomputacionuniversidaddelahabanacuba,Meta-aprendizaje para automl heterogéneo,"Aprendizajedemáquina, Automl, Meta-aprendizaje",Meta-Aprendizaje Para Automl Heterogéneo
"Lia De La Concepcion Zerquera Ferrer, Alberto Fernandez Oliva, Alejandro Piad Morffis, Suilan Estevez Velarde",Departamentodecomputacionfacultaddematematicaycomputacionuniversidaddelahabanacuba,Meta-aprendizaje para automl heterogéneo,"Aprendizajedemáquina, Automl, Meta-aprendizaje",Meta-Aprendizaje Para Automl Heterogéneo
"Jorly Alberto Perez Perez, Sandy Sanchez Dominguez, Adolfo Arsenio Fernandez Garcia, Tahiry Gomez Hernandez, Leticia Cristina Bequer Mendoza","Departamentodematematicauniversidadcentralmartaabreudelasvillasvillaclaracuba, Departamentodematematicaescuelaiterarmasgeneraljosemaceograjalessantiagodecubacuba, Departamentodematematicauniversidaddeorientesantiagodecubacuba, Unidaddeinvestigacionesbiomedicasuniversidaddecienciasmedicasdevillaclaravillaclaracuba",Estudio matemático de la diabetes,"Ajustedecurvas, Diabetesmellitus, Modeloslineales, Pronósticodeconcentraciones",Estudio Matemático De La Diabetes En Gestantes Y No Gestantes
"Flores Lopez W O, Garcia Rojas Pedro","Uraccan Managua, Centro De Salud Mental Ministerio De Salud Publica La Habana Cuba",Actitudes hacia las matemáticas y resolución de problemas,,Actitudes Hacia Las Matemáticas En La Resolución De Problemas Y Su Relación Con La Investigación Propia
"Ernesto Alfonso Hernandez, Aymee De Los Angeles Marrero Severo",Departamento De Matematica Aplicada Facultad De Matematica Y Computacion Universidad De La Habana Cuba,Simulación de epidemias con modelos basados en agentes y redes complejas,"Epidemias, Mapas cognitivos difusos, Modelos basados en agentes, Redes complejas, Simulación",Simulación Computacional Para La Dinámica De Enfermedades Transmitidas Por Vectores
"Frank Sadan Naranjonoda, Juan Carlos Jimenez Sobrino",Departamento De Matematica Interdisciplinaria Instituto De Cibernetica Matematica Y Fisica La Habana Cuba,Cálculo sin matrix de combinaciones lineales de función phi por vector en integradores exponenciales,"Phi-functions, Iterative numerical method, Matrix-free method, Exponential integrator, High-dimensional initial value problem",Matrix-Free Computation Of Linear Combinations Of Phi-Functions Times Vectors In Exponential Integrators
"Lauren Jimenezmartin, Daniel Alejandro Valdes Perez, Ana Margarita Solares Asteasuainzarra, Ludwig Leonard Mendez, Marta Lourdes Baguer Diazromanach","Facultad De Matematica Y Computacion Universidad De La Habana La Habana Cuba, Hospital Ginecobstetrico Universitario Ramon Gonzalez Coro La Habana Cuba",Neural networks for specular reflection removal in colposcopic images,"Cervicalcancer, Colposcopicimage, Specularreflection, Inpainting, Supervisedlearning",Neural Networks To Remove Specular Reflections In Colposcopic Images
"Diego Esteban Gutierrez Valencia, Daniel Alfonso Santiesteban, Ricardo Abreu Blaya",Facultad De Matematicas Universidad Autonoma De Guerrero Chilpancingo Guerrero Mexico,Análisis del sistema de lamé-navier en la teoría de la elasticidad lineal,"Operador de cauchy-riemann, Operador de teodorescu, Problema de riemann, Sistema de lamé-navier",El Problema De Riemann Para El Sistema De Lamé-Navier Bidimensional
Damian Valdes Santiago,Directoryeditorjefedelarevistacienciasmatematicasdepartamentomatematicaaplicadafacultaddematematicaycomputacionuniversidaddelahabanalahabanacuba,Nueva época de la revista ciencias matemáticas,,"Nueva Época De La Revista Ciencias Matemáticas: Creativa, Interactiva Y Dinámica"
Maria Esther Reyes Calzado,Departamento De Matematica Facultad De Matematica Y Computacion Universidad De La Habana La Habana Cuba,Introducción al álgebra lineal,,"Hernández, J. F. Y Miret, E. (2022) Introducción Al Álgebra"
Pedro Garcia Rojas,Centro De Salud Mental Ministerio De Salud Publica La Habana Cuba,Resolución creativa de problemas matemáticos,,"Del Prado Arza, N. (2024). Para Pensar La Matemática Y Con La Matemática. Acertijos Y Sus Respuestas."
"Roxana Cabrera Puig, Alicia Robbio Marrero",Departamento De Matematica Facultad De Matematica Y Computacion Universidad De La Habana La Habana Cuba,Ejercicios de cálculo y geometría con geogebra,"Ejercicios, Geogebra, Geometría","Ejercicios De Cálculo, De Orientación Y Divergentes Utilizados En Los Contenidos De Geometría Analítica"
Comite Editorial,Facultad De Matematica Y Computacion Universidad De La Habana La Habana Cuba,Jornada científica estudiantil en matemática y computación,,"Jornada Científica Estudiantil (Jce Matcom 2023), Facultad De Matemática Y Computación, Universidad De La Habana"
Reinaldo Rodriguez Ramos,Departamento De Matematica Facultad De Matematica Y Computacion Universidad De La Habana La Habana Cuba,Mecánica de materiales y homogenización,,"Conferencia Europea Y Latinoamericana De Mecánica Teórica Y Aplicada (Elactam 2024), La Habana"
Reinaldo Rodriguez Ramos,Departamento De Matematica Facultad De Matematica Y Computacion Universidad De La Habana La Habana Cuba,Mecánica de materiales y homogenización,,"Conferencia Europea Y Latinoamericana De Mecánica Teórica Y Aplicada (Elactam 2024), La Habana"
Marta Maria Alvarez Perez,Fue Metodologa Nacional De Matematica Ministerio De Educacion Cuba,Obituario de aurelio quintana valdés,,A La Memoria De Aurelio Quintana Valdés
"Fernando Raul Rodriguez Flores, Jose Jorge Rodriguez Salgado","Departamento Matematica Aplicada Facultad De Matematicay Computacion Universidad De La Habana La Habana Cuba, Scalian Consulting Spain Sl Espana",Evaluación automática de soluciones vecinas en problemas de enrutamiento de vehículos,"Grafodeevaluación, Evaluaciónautomáticadesolucionesvecinas, Problemadeenrutamiento devehículos",Grafo Para La Evaluación Automática De Soluciones Vecinas En Problemas De Enrutamiento De Vehículos
"Lazaro Ramon Caraballo Rodriguez, Marlen Perez Diaz, Ruben Orozco Morales",Departamento De Automatica Facultad De Ingenieria Electrica Universidad Central Marta Abreu De Las Villas Villa Clara Cuba,Segmentación automática de hígado en imágenes de tomografía,"Hígado, Procesamiento digital de imágenes, Segmentación, Tomografía computarizada de abdomen",Segmentación Automática Del Hígado En Imágenes De Tomografía Computarizada
"Tania Diez Fumero, Abelardo Lopez Dominguez, Alisbet Martinez Bello","Departamento De Matematica Instituto Tecnico Militar Jose Marti La Habana Cuba, Centro De Estudios Para El Perfeccionamiento De La Educacion Superior Universidad De La Habana La Habana Cuba, Departamento De Electronica Instituto Tecnico Militar Jose Marti La Habana Cuba",Retos de la educación a distancia en matemática para ingenieros,"Educación híbrida, Aprendizaje autónomo, Matemática superior",Retos Pos-Covid De La Educación A Distancia En Matemática Para La Formación De Ingenieros
Luis Enrique Fernandez Machado,Departamento De Matematica Facultad De Matematica Y Computacion Universidad De La Habana La Habana Cuba,Problema de los reducidos catalanes y método bézout-euler de las potencias,"Cardinal, Congruencia, Ecuación, Máximo, Potencia",Introducción Y Solución Del Problema De Los Reducidos Catalanes
Rolando Sanchez Ramos,Departamentodecomputacionfacultaddematematicaycomputacionuniversidaddelahabanacuba,Traducción automatizada de consultas de lenguaje natural a cypher con aprendizaje zero-shot,"Aprendizaje con cero muestras de entrenamiento, Modelos de lenguajes a gran escala, Inteligencia artificial",Extracción De Conocimiento Mediante Traducción Automatizada A Cypher Con Aprendizaje Zero-Shot
"Jorge Luis Palomino Hernandez, Patricia Lorenzoluaces Alvarez, Lizet Sanchez Valdes",Direccion De Investigaciones Clinicas Centro De Inmunologia Molecular La Habana Cuba,Análisis de supervivencia en cáncer de pulmón avanzado,"Cáncer, Ciencia de datos, Larga supervivencia",Ecosistema De Ciencia De Datos Para El Análisis De Largos Supervivientes En Cáncer
"Dagoberto Acosta Iglesias, Miguel Enrique Iglesias Martinez, Milton Henry Perea","Facultad De Ciencias De La Tierra Universidad Estatal Amazonica Puyo Ecuador, Grupo De Modelizacion Interdisciplinar Intertech Instituto Universitario De Matematica Pura Y Aplicada Universitat Politecnica De Valencia Espana, Departamento De Matematica Y Fisica Universidad Tecnologica Del Choco Diego Luis Cordoba Choco Colombia",Modelo logístico de propagación de enfermedades,"Contagiados, Logístico, Modelo",Modelación De La Propagación De Procesos De Contagios Influidos Por La Distancia De Contacto
"Jolbin Jose Mairena Arauz, Isaura Lisbeth Hudiel Fuentes, Cliffor Jerry Herreracastrillo",Centro Universitario Regional De Esteli Universidad Nacional Autonoma De Nicaragua Managua Nicaragua,Aplicaciones del teorema de los ceros de hilbert en álgebra conmutativa y geometría algebraica,"Álgebra conmutativa, Aplicaciones, Competencias, Teorema de los ceros de hilbert, Versión débil y fuerte",Teorema De Los Ceros De Hilbert: Aplicaciones De Sus Versiones Débil Y Fuerte
"Lissette Maria Pedroso Carracedo, Tania Diez Fumero, Abelardo Lopez Dominguez","Departamento De Matematica Instituto Tecnico Militar Jose Marti La Habana Cuba, Centro De Estudios Para El Perfeccionamiento De La Educacion Superior Universidad De La Habana La Habana Cuba",Análisis de asistentes matemáticos desde el triángulo didáctico de chevallard,"Asistentes matemáticos, Didáctica, Enseñanza de la matemática, Tecnología, Triángulo de chevallard",Mirada Contextual A Los Asistentes Matemáticos Desde El Triángulo Didáctico De Chevallard
"Nelson Tomas Hernandez Reyes, Carlos Jimenez Tejeda, Ernesto Alejandro Lopez Caldalso, Juan Raul Delgado Rubi","Centro De Estudios De Matematica Instituto De Ciencias Basicas Universidad Tecnologica De La Habana Jose Antonio Echeverria La Habana Cuba, Departamento De Matematica Facultad De Matematica Y Computacion Universidad De La Habana La Habana Cuba",Olimpiadas de matemática en cuba,,Olimpiadas Luis Campistrus E Igo: Difusión Y Resultados En El Contexto Matemático Cubano
"Nelson Tomas Hernandez Reyes, Carlos Jimenez Tejeda, Ernesto Alejandro Lopez Caldalso, Juan Raul Delgado Rubi","Centro De Estudios De Matematica Instituto De Ciencias Basicas Universidad Tecnologica De La Habana Jose Antonio Echeverria La Habana Cuba, Departamento De Matematica Facultad De Matematica Y Computacion Universidad De La Habana La Habana Cuba",Olimpiadas de matemática en cuba,,Olimpiadas Luis Campistrus E Igo: Difusión Y Resultados En El Contexto Matemático Cubano
"Jorgefardales Perez, Miguel Salvat Quesada, Ernesto Roberto Fuentes Gari","Departamento Deingenieria Informatica Universidad Josemarti Perez Desancti Spirituscuba, Departamento De Educacionadistancia Universidad Decienfuegos Carlos Rafael Rodriguezcuba",Aprendizaje colaborativo en línea para la programación orientada a objetos,"Ambiente de solución colaborativa en línea de problemas, Aprendizaje colaborativo asistido porcomputadora, Web2.0, Collaborative online problem solving (cops), Computer supported collaborativelearning (cscl)",Los Roles Y El Aprendizaje De La Programación Orientada A Objetos Mediante La Colaboración En Línea Para La Solución De Problemas
"Juliettmsuarezferreira, Victormgarciamartinez, Yailenmartinezjimenez, Rafaelbelloperez",Universidad Central Marta Abreu De Las Villas Cuba,Aprendizaje reforzado para problemas de secuenciación,"Aprendizajereforzado, Q-learning, Secuenciación",Herramienta Para La Ejecución De Algoritmos De Aprendizaje Reforzado Aplicados A La Solución De Problemas De Secuenciación
"Sissi Perez Del Pino Adiestrado, Lourdes Tarifa Lozano Profesor Titular",Universidad De Matanzas Camilo Cienfuegos Umcc,Sistema informático para control de portadores energéticos,,Diseño Y Utilización De Un Sistema Informático Para El Control De Portadores Energéticos
"Martha Beatriz Boggiano Castillo, Ariel Calderon Valdes, Alain Perez Alonso, Ramiro Perez Vazquez",Universidad Marta Abreu De Las Villas,Traductor de reglas de negocio de lpt a sql,"Reglas de negocio, Reglas en lenguaje técnico, Reglas en sql",Traductor De Reglas De Negocio De Lenguaje Técnico Lpt A Lenguaje Formal Sql
"Pfreyre, N Diaz, E Rmorgado","Facultad Dematematicay Computacionuniversidad De La Habana Cuba, Facultad De Matematica Fisicay Computacionuniversidad Central Marta Abreu Delas Villas Cuba",Algoritmos para matrices cuadradas invertibles,"Vector, Random matrix products, Random matrix over finite fields",Algoritmo Para La Generación Aleatoria De Matrices Invertibles
"Michel Artiles Egue, Leticia Arco Garcia, Damny Magdaleno Guevara","Departamento De Ciencia De La Computacion, Universidad Central Marta Abreu De Las Villas, Cuba",Herramientas para sistemas gestores de información textual,"Gestión documental, Gestión del conocimiento, Automatización de la información",Conjunto De Herramientas Que Auxilian El Desarrollo De Sistemas Gestores De Información En Dominios Textuales
"Yaimara Granados Hondares, Gheisa Lucia Ferreira Lorenzo, Jarvin Anton Vargas, Luis Quintero Dominguez",Universidad Central Marta Abreu De Las Villas,Estimación temporal en tareas de implementación en redmine,"Estimación temporal, Variables de estimación, Gestión de proyectos de software",Estimación Temprana Del Tiempo De Desarrollo En Proyectos De Software Utilizando Técnicas De Inteligencia Artificial
"Javier Guillotjimenez, Victor Manuel Mendiola Lau, Benny Jonrobaina, Daniel Alejandro Mesejo Leon, Omar Salas Garcia, Haydee Guillot Jimenez","Universidad De La Habana, Facultad De Matematica Y Computacion","Computación, bases de datos, enseñanza de la computación","Bases de datos, Modelo relacional, Diagramas, Diseño correcto",Simpler: Desde El Merx Hasta Las Bases De Datos Relacionales
"Pedro Y Pinero Perez, Surayne Torres Lopez, Manuel Vazquez Acosta, Henrik Pestano Pino, Michaell Gonzalez Jorrin, Marielis Izquierdo Matias, Jose A Lugo Garcia, Javier Menendez, Ernesto A Mederos Franqueiro, Felix N Abelardo, Ana D Perez, Pedro R Pinero",Laboratorio De Gestion De Proyectos Direccion Tecnica De Produccion Universidad De Las Ciencias Informaticas Carretera San Antonio Km 2½ Ciudad De La Habana Cuba Cp19370 Tel 5307 8372408,Sistema de gestión de proyectos para la producción de software,"Gestión de proyectos, Dirección integrada, Gestión de contenidos, Project management, Software engineering projects, Software product lines",Gespro 11.05: Un Sistema Para La Dirección Integrada De Proyectos Para La Gestión De La Producción
"Elsa C Ramirez Garcia, Angel Isaac Moreno Delfrade, Rafael Chaviano Conde",Universidad Central Marta Abreu De Las Villas Santa Clara Cuba,Modelos matemáticos para transmisiones mecánicas,,Recurso Didáctico Para La Interpretación Física De Un Modelo Matemático Aplicado A Las Transmisiones Mecánicas
"Miguel Escalona Reyes, Osvaldo Jesus Rojas Velazquez",Universidad De Holguin,Enseñanza de la matemática en ingenierías,,Alternativas Metodológicas Para Favorecer El Proceso De Enseñanza Aprendizaje De Las Asignaturas De La Disciplina Matemática En Las Carreras De Ingenierías
"Maricela Rodriguez Ortiz, Elsa Gutierrez Baez, Isabel Santiesteban Perez, Eduardo Alvarez Rojas",Universidades De Ciencias Pedagogicas,Formación de profesores de matemática en preuniversitario,,Aprendizaje Relacional De La Matemática En El Preuniversitario
"Isel Grau, Isis Bonet",Centro De Estudios De Informatica Universidad Central Marta Abreu De Las Villas Cuba,Predicción de resistencia del vih con redes neuronales recurrentes,,Aprendizaje De Redes Neuronales Recurrentes Con Instancias De Longitud Variable. Aplicaciones A La Resistencia Antiviral Del Vih
"Isel Grau, Isis Bonet",Centro De Estudios De Informatica Universidad Central Marta Abreu De Las Villas Cuba,Predicción de resistencia del vih con redes neuronales recurrentes,,Aprendizaje De Redes Neuronales Recurrentes Con Instancias De Longitud Variable. Aplicaciones A La Resistencia Antiviral Del Vih
"Carlos Rafael Sebrango Rodriguez, Lizet Sanchez Valdez, Ziv Shkedy, Nestor Carbonell Rivero","Universidad De Sancti Spiritus Cuba, Ipksldcu, Uhasseltbe, Susscocu",Estimación de parámetros de transmisión para brote epidémico de dengue,,Estimación De Parámetros De Transmisión Para Un Brote Epidémico De Dengue En Ciudad De La Habana
"Carlos Duardo Monteagudo, Nancy Mesa Carpio, Gonzalo Gonzalez Hernandez",Ucp Felix Varela Cuba,Educación económica en matemáticas,,La Educación Mediante La Instrucción: La Educación Económica En El Proceso De Enseñanza Aprendizaje De La Matemática
"Romina Robert Perez, Mayelin Macias Norat","Dpto De Ing Biomedica Facultad De Ingenieria Electrica Universidad De Oriente Santiago De Cuba Cuba, Dpto De Ing Informatica Facultad De Ingenieria Electrica Universidad De Oriente Cuba",Análisis morfológico de eritrocitos,,Cálculo De Descriptores Morfométricos Y Geométricos En La Identificación De Variaciones Morfológicas En El Eritrocito
"Sandy Sanchez Dominguez, Adolfo Fernandez Garcia, Ivan Ruiz Chaveco","Departamento De Matematica Universidad De Oriente, Universidad Del Estado De Amazonas Brasil",Modelo molecular de polimerización y cristalización de hemoglobina s,,Un Modelo De Los Procesos Moleculares De La Polimerización Y Cristalización De La Hemoglobina S
"Alejandroalonso Fœster, David Guinovartsanjuæn, Raœlguinovart Dcid237az, Reinaldo Rodrcid237guez Ramos, Juliæn Bravo Castillero","Universidad De Las Ciencias Informæticas, Carretera San Antonio De Los Baæos Km 5 Reparto Lourdes Boyeros La Habana Cuba",Determinación de propiedades efectivas de medios cuasi periódicos en coordenadas curvilíneas,"Materiales compuestos, Coe(cid:222) cientes efectivos, Homogeneizaci(cid:243)n asint(cid:243)tica, Coordenadas curvil(cid:237)neas",Promediación De Estructuras Regulares
"Victor E Perez Leon, Rafael E Caballero Fernandez, Flor Maria Guerrero Casas, Fatima Perez Garcia","Departamento De Matematicas Universidad De Pinar Del Rio, Departamento De Economia Aplicada Matematicas Universidad De Malaga Espana, Area De Metodos Cuantitativos E Historia Economica Universidad Pablo De Olavide Espana",Análisis envolvente de datos para indicadores sintéticos de sostenibilidad en turismo de naturaleza,"Análisis envolvente de datos (dea), Indicadores sintéticos, Sostenibilidad, Turismo de naturaleza",Análisis Envolvente De Datos En La Construcción De Indicadores Sintéticos: Una Aplicación Al Turismo De Naturaleza En Cuba
Vladimir Pacheco Gonzalez,Universidad De Cienfuegos,Algoritmo matemático para calibración y cálculo de incertidumbre en tanques horizontales,,"Algoritmo Matemático Para La Calibración Y Cálculo De Incertidumbre En Tanques Horizontales De Cabezas Planas, Inclinados Y Con Centros De Medición Desplazados (Thcpicd)"
"Gladys Linares, Adrian Saldana, Marcela Rivera, Hortensia J Cervantes","Departamento De Investigaciones En Ciencias Agricolas, Facultad De Ciencias De La Computacion, Facultad De Ciencias Fisicomatematicas, Benemerita Universidad Autonoma De Puebla",Comparación de métodos de regresión para predicción de dióxido de carbono,"Gases de efecto invernadero, Multicolinealidad, Regresión paso a paso, Regresión con componentes principales, Regresión por mínimos cuadrados parciales",Comparación De Métodos De Regresión En La Predicción De Dióxido De Carbono
"Idania Urrutia Roman, Virginia Alvarez Suarez","Facultad De Matematica Y Computacion, Universidad De La Habana",Competencias básicas en análisis matemático para estudiantes de ciencia de la computación,"Competencias, Competencias cognitivas, Tic, Análisis matemático",Un Acercamiento A Las Nociones De Competencias Básicas Que La Asignatura Análisis Matemático Debe Contribuir A Desarrollar En Los Estudiantes De Ciencia De La Computación
"Otilio Mederos Anoceto, Rita Roldæn Inguanzo","Universidad Autcid243noma De Coahuila Møxico, Universidad De La Habana Cuba",Generalizaciones y caracterizaciones del concepto de møtrica,,Generalizaciones Y Caracterizaciones Del Concepto De Møtrica
"Lucina Garcia Hernandez, Lis Velazquez Vidal, Mijail Veliz Monteagudo","Facultad De Matematica Y Computacion Universidad De La Habana Cuba, Division De Sistemas De Gestion Empresarial Datys Cuba, Division De Turismo Datys Cuba",Diseño y aplicación de data warehouse en inteligencia de negocios,,Data Warehousing En Soluciones De Inteligencia De Negocios
"Larisa Zamora Matamoros, Pilar Oros Baguena, Isabel Alonso Berenguer, Alexander Gorina Sanchez, Mailyn Alvarez Caneda","Departamento De Matematica Facultad De Matematica Y Computacion Universidad De Oriente Cuba, Departamento De Matematicas Escuela De Tecnologia Y Ciencias Experimentales Universidad Jaume I Espana",Habilidades estadísticas y lógicas en alumnos de enseñanza media,,"Extracción De Conocimientos Lógicos Y Estadísticos, A Partir De Tablas De Datos Binarios: Un Estudio Con Alumnos De La Enseñanza Media Superior De Santiago De Cuba"
"Msc Walter Carballosa Torres, Dr Luis R Pineiro Diaz","Universidad De Las Ciencias Informaticas Cuba, Universidad De La Habana Cuba",Propiedades algebraicas de los polinomios multiortogonales clásicos,,Polinomios Multiortogonales Clásicos En La Recta Real
"Greter Dominguez Rodriguez, Aymee Marrero Severo, Jorge Luis Rodriguez Perez, Gonzalo Joya Caparros","Universidad De La Habana Direccion Docente De Informatizacion, Universidad De La Habana Facultad De Matematica Y Computacion, Universidad De Ciencias Informaticas Cuba, Universidad De Malaga Dpto Tecnologia Electronica Ets Ing Telecomunicacion",Mecanismos de aceleración para algoritmo de optimización basado en análisis de intervalos,"Ana´lisis de intervalos, Optimización global, Procesamiento paralelo",Mecanismos De Aceleración Para El Algoritmo Prototipo De Optimización Basado En Análisis De Intervalos
Ruben Interian Kovaliova,Departamentodematematicauniversidaddehabanahabanacuba,Ajuste de curvas y superficies por polinomios implícitos,"Ajuste, Polinomioimplícito, Estabilidad, Metaheurística",Ajuste De Curvas Y Superficies Por Polinomios Implícitos
"Ridelio Miranda Perez, Sira Allende Alonso, Boris Perez Canedo, Gemayqzel Bouza Allende","Universidad De Cienfuegos Cuba, Universidad De La Habana Cuba",Algoritmo híbrido para optimización cuadrática no convexa,"Nonconcave quadratic optimization, Nonconvex quadratic programming, Parametric optimization, Branch-and-bound, Positive semidefinite relaxation, Semidefinite programming",Algoritmo De Corte Y Continuación Con Ramificación Y Acotación Para La Solución Del Problema Cuadrático Con Restricciones De Caja
"Anna Fernandez Girone, Alejandro Tamayo Castillo, Miguel Katrib Mora",Facultad De Matematica Y Computacion Universidad De La Habana Cuba,Cifrado y seguridad en dispositivos android,"Android, Cifrado, Codificación, Certificados digitales, Dispositivo móvil, Llave segura, Plataforma de confianza, Privacidad, Seguridad, Teléfono inteligente, Zona segura",Utilizar Un Teléfono Android Como Dispositivo De Cifrado Versátil
"Li Guo, Sylvie Paycha, Bin Zhang","Department Of Mathematics And Computer Science Rutgers University, Institute Of Mathematics University Of Potsdam, Yangtze Center Of Mathematics Department Of Mathematics Sichuan University",Cuenta de puntos de malla en conos convexos,"Cones, Coalgebra, Renormalization, Birkhoff decomposition, Euler-maclaurin formula, Meromorphic functions",Counting Infinities - The ”Number” Of Lattice Points On Convex Cones
"Susely Figueroa Iglesias, Mariano Rodriguez Ricard",Departamento De Matematica Universidad De La Habana Cuba,Bifurcación de hopf subcrítica en modelo de gray-scott,"Bifurcación de hopf, Modelo gray-scott",Subcritical Hopf Bifurcation For Reversible Non Linear Gray-Scott Model With Diffusion
"Huber Martinez Rodriguez, Pedro Luis Del Angel Rodriguez, Jorge Estrada Sarlabous","Departamento De Matematica Universidad Maximo Gomez Baez Cuba, Centro De Investigacion En Matematicas Ac Gto Mexico, Inst De Cibernetica Matematica Y Fisica La Habana Cuba",Algebraic norm type torus over abelian galois extension,"Groupscheme, Algebraic tori, Torus-based cryptography, Local fields",Toro Algebraico De Tipo Norma Sobre Una Extensión Abeliana De Galois
"Carlos Segura Vidal, Ricardo Abreu Blaya, Julio Cruz Cruz",Departamento De Licenciatura En Matematica Universidad De Holguin Cuba,Aplicación de sympy en el aprendizaje del cálculo diferencial,"Cálculo diferencial, Sympy, Cas, Resolución de problemas, Generación de gráficos",Empleo Del Sistema Algebraico Computacional Sympy En El Proceso De Aprendizaje Del Cálculo Infinitesimal (Diferenciación)
"Damny Magdaleno, Ivett E Fuentes, Michel Cabezas, Maria M Garcia","Universidad Central Marta Abreu De Las Villas Cuba, Xetic La Habana Cuba",Recuperación de información en documentos xml,"Recuperación de información, Agrupamiento, Xml",Recuperación De Información Para Artículos Científicos Soportada En El Agrupamiento De Documentos Xml
"A Reyes, J A Reyes, M Cortesmolina, F Garciaalonso","Universidad De Alicante Grupo De Investigacion Modelizacion Matematica De Sistemas Espana, Escuela Politecnica Superior Universidad De Alicante Espana",Análisis de modelos sísmicos mediante método de series,"Modelos sísmico, Ecuaciones diferenciales, Método de series",Análisis De Modelos Sísmicos Mediante Un Método De Series
"Oristela Cuellar Justiz, Eberto R Morgado Morales, Evaristo Madarro Capo, Guillermo Sosa Gomez","Universidad Centralmarta Abreude Las Villas Santa Clara Cuba, Centro De Investigaciones En Matematica Cimat Guanajuato Mexico",Relación entre el automorfismo de frobenius y los homomorfismos de inmersión,"Automorfismo de frobenius, Homomorfismos de inmersión",Relación Entre El Automorfismo De Frobenius Y Los N Homomorfismos De Inmersión Del Campo Gf(P ) En M El Campo Gf(P )
"Abel Fernandez Infante1, Luis Ramiro Pineiro2","Instituto Superior Politecnico Jose A Echeverrıa La Habana Cuba Afdezcematcujaeeducu, Universidad De La Habana Cuba Lrpmatcomuhcu",Consecuencias del teorema de abel extendido a las filas de la tabla de pade,"Rows of the pade´ table, Filas de la tabla de pade´",Recibido09-2015 Reflexiones Sobre El Teorema De Abel Extendido A Las Filas De La Tabla De Pade
"Juan Carlos Navarro Gonzalez, Allan Blanco Garcia, Elisabet Vivar Reyes","Ccsa La Habana Cuba, Elam La Habana Cuba",Comprensión de textos en resolución de problemas algebraicos,"Comprensión de textos, Ecuaciones",La Comprensión De Textos En La Resolución De Problemas Que Conducen A Ecuaciones
"Juan Carlos Navarro Gonzalez, Allan Blanco Garcia, Elisabet Vivar Reyes","Ccsa La Habana Cuba, Elam La Habana Cuba",Comprensión de textos en resolución de problemas algebraicos,"Comprensión de textos, Ecuaciones",La Comprensión De Textos En La Resolución De Problemas Que Conducen A Ecuaciones
"Lourdes Souto Anido, Irene Garcıa Rondon",Facultad De Economıa De La Universidad De La Habana Cuba,Procedimiento de seleccio´n de personal basado en la teor´ıa de los subconjuntos borrosos,"Gestio´n de recursos humanos, Seleccio´n del personal, Toma de decisio´n, Incertidumbre, Teor´ıa de los subconjuntos borrosos",Aplicacio´N Del Procedimiento Para La Seleccio´N Del Personal Con Base En La Teor´Ia De Los Subconjuntos Borrosos En El Hotel Vedado Saint-Johns
"Alberto Verdecia Cabrera, David La O Naranjo, Ramon Osmany Ramirez Tase, Agustin Alejandro Ortiz Diaz, Isvani Frias Blanco","Universidad De Granma Cuba, Imni Niquero Cuba",Análisis de algoritmo multiclasificador incremental,"Aprendizaje incremental, Flujos de datos, Cambio de concepto, Clasificadores múltiples",Análisis De Un Algoritmo Multiclasificador Incremental Con Diferentes Clasificadores Bases
Leisy Sosa Castro,Universidad Agraria De La Habanafructuoso Rodriguez Perez Facultad De Ciencias Tecnicas Cuba,Extracción de relaciones espaciales en imágenes de satélite,"Ima´genesdesate´lites, Objetoshidrolo´gicos, Coberturasterrestres, Reglasdeasociacio´nespacial, Relacionesimpl´ıcitas",Criterios Para Identificar Reglas De Asociación Espacial Entre Objetos Hidrológicos Y Coberturas Terrestres En Imágenes De Satélite
"Franck Boyer, Sebastien Martin","Universite Toulouse 3 Paul Sabatier Institut De Mathematiques De Toulouse Cnrs Umr5219, Universite Paris Descartes Map5 Cnrs Umr8145",Método de elementos finitos y problemas elípticos,"Finite element method, Elliptic problems, Saddle-point problems, Freefem++",Introducción Al Método De Los Elementos Finitos
"Dayron Chang Dominguez1, Jose Enrique Alvarez Iglesias2","Centro De Meteorologia Agrıcola Instituto De Meteorologıade Cuba La Habana Cuba Dayronchanginsmetcu, Departamentodesoftware Simpro La Habana Cuba Ee2mitsacu",Resolución del problema de cavidad con pared móvil con el método de elementos finitos,"Elementos finitos, Ecuaciones diferenciales, Ecuaciones de stokes, F´ısica delos fluidos",Recibido06-2016 Resolucio´N Con El Me´Todo De Elementos Finitos Del Problema De Cavidad Con Pared Mo´Vil
"Jorge Estrada Hernandez, Ana Isis Toledo Marrero",Departamento De Matematica Universidad De La Habana Cuba,Análisis del modelo lotka-volterra con ecuaciones diferenciales parciales,"Lotka-volterra, Elementos finitos, Diferencias finitas",El Modelo De Lotka -Volterra
"Ernesto Iglesias Rodriguez, Armando Arredondo Soto","Igpservicio Geologico De Cuba La Habana Cuba, Cemat Instituto Superior Politecnico Jose Antonio Echeverria La Habana Cuba",Homogeneización de problemas elípticos mediante el método de los elementos finitos,"Elementos finitos, Homogeneización",Comprobación Numérica Del Proceso De Homogeneización Mediante El Método De Los Elementos Finitos.
"Yoan Quintana Herrera, Luis Sorinas Morales",Facultad De Matematica Y Computacion Universidad De La Habana La Habana Cuba,Solución de la ecuación no estacionaria de la conducción del calor con elementos finitos y freefem++,"Unsteady heat equation, Finite difference method, Finite element theory, Freefem++ software",Una Solucio´N De La Ecuacio´N No Estacionaria De La Conduccio´N Del Calor Empleando Elementos Finitos Con Freefeem++.
"Angel Ulise Tabares Gonzalez, Miguel Angel Socorro Borges","Vertex Entornos Interactivos 3d Universidad De Las Ciencias Informaticas La Habana Cuba, Centro De Informatica Industrial Universidad De Las Ciencias Informaticas La Habana Cuba",Solución de las ecuaciones estacionarias de navier-stokes por el método de los elementos finitos,"Navier-stokes, Freefem, Método de los elementos finitos",Aproximación Por El Método De Los Elementos Finitos Para El Problema Estacionario De Navier-Stokes
Abraham Toledo Sanchez,Facultad De Matematica Y Computacion De La Universidad De La Habana San Lazaro Y L Cp10400 La Habana Cuba,Aplicación del mef a un problema de poisson sobre regiones multiplemente conexas,"Mef, Edp, Metododeelementosfinitos, Problemadepoisson",Aplicacio´N Del Mef A Un Problema De Poisson Sobre Regiones Mu´Ltiplemente Conexas.
"Otilio B Mederos Anoceto, Rita A Roldan Inguanzo","Facultad De Ciencias Fısicomatematicas Universidad Autonoma De Coahuila Mexico, Facultad De Matematica Y Computacion Universidad De La Habana Cuba",Generalizaciones de la integral definida,"Generalizacio´n, Integral definida, Integral de riemann",Generalizaciones De La Integral Definida Hasta La Integral De Riemann
"Luis Efrain Velastegui Lopez, Pablo Homero Velastegui Lopez, Ricardo Sanchez Casanova","Universidad Tecnica De Ambato Ambato Ecuador, Facultad De Matematica Y Computacion Universidad De La Habana Cuba",Estrategia didáctica para razonamiento lógico matemático,"Problema, Motivación, Razonamiento lógico matemático, Estrategia didáctica",Estrategia Didáctica Para El Razonamiento Lógico Matemático En Los Estudiantes De Primer Año De La Carrera Mecánica Automotriz En La Universidad Técnica De Ambato
"Marelys Crespo, Vivian Sistachs",Facultad De Matematica Y Computacion Universidad De La Habana La Habana Cuba,Aplicación del criterio bma de selección de modelos bajo enfoque bayesiano a un problema de sensibilidad alérgica ocupacional en panaderías de la habana.,"Regresión logística, Selección de modelos, Bma",AplicacióN Del Criterio Bma De SeleccióN De Modelos Bajo Enfoque Bayesiano A Un Problema De Sensibilidad AléRgica Ocupacional En PanaderíAs De La Habana.
"Greneter Cordoves Delgado, Boris Perez Canedo, Eduardo R Concepcion Morales","Departamento De Informatica Universidad De Cienfuegos Cienfuegos Cuba, Departamento De Matematica Universidad De Cienfuegos Cienfuegos Cuba",Asignación de proyectos a estudiantes con operador fowa y método húngaro,"Asignación de proyectos, Número borroso, Operador fowa, Método húngaro",Asignación De Proyectos A Estudiantes Utilizando Un Operador Fowa De Máxima Entropía Y El Método Húngaro
"Miriela Escobedo Nicot, Silena Herold Garcia, Ligia Ferreira Gomez, Camila Machado, Elisa Monteiro Pereira, Wilkie Delgado Font","Departamento De Computacion Universidad De Oriente Santiago De Cuba Cuba, Departamento De Analisis Clinicos Y Toxicologicos Universidad De Sao Paulo Sao Paulo Brasil, Departamento De Fisiopatologia Experimental Facultad De Medicina Universidad De Sao Paulo Sao Paulo Brasil, Departamento De Analisis Clinicos Y Toxicologicos Facultad De Ciencias Farmaceuticas Universidad Federal De Alfenas Minas Gerais Brasil",Análisis morfológico de muestras de huvec,"Clasificación de formas, Geometría integral, Angiogénesis, Huvec",Análisis Morfológico De Muestras De Huvec Empleando Funciones Basadas En Geometría Integral
"F Garciaalonso, J A Reyes",Universidad De Alicante Espana Escuela Politecnica Superior Departamento De Matematica Aplicada,Integración de osciladores armónicos perturbados,,Un Método De Series Especialmente Adaptado A La Integración De Osciladores Armónicos Perturbados
"Dr Lorgio F Batard Martinez, Msc Yanelis Estrada Hernandez",Departamento De Matematica Universidad Central Marta Abreu Santa Clara Villa Clara Cuba,Solución de problemas de contorno complejos para ecuaciones hiperbólicas,,Solución De Un Problema De Contorno De Gran Complejidad Para Ecuaciones De Tipo Hiperbólico: Caso Índice Cero
"Dr Lorgio F Batard Martinez, Msc Yanelis Estrada Hernandez",Departamento De Matematica Universidad Central Marta Abreu De Las Villas Santa Clara Villa Clara Cuba,Solución de problemas de contorno complejos para ecuaciones hiperbólicas,,Solución De Un Problema De Contorno De Gran Complejidad Para Ecuaciones De Tipo Hiperbólico: Casos De Índices Positivos Y Negativos.
Jose R Velazquez Codina,Universidad De Holguin Cuba,Estabilidad y acotación uniforme de soluciones de sistemas íntegro-diferenciales tipo volterra,,Acotación Uniforme. Estabilidad Y Estabilidad Uniforme De Las Soluciones De Un Sistema Íntegro-Diferencial Tipo Volterra
"Juan Manuel Regalado Gomez, Julian Bravo Castillero, Raul Guinovart Diaz, Reinaldo Rodriguez Ramos",Universidad De La Habana Facultad De Matematica Y Computacion,Promediación de procesos conductivos en estructuras bidimensionales,,Promediación De Un Proceso Conductivo Sobre La Estructura De Tipo Esqueleto Bidimensional Más Simple
"Luis Giraldo Gonzalez Ricardo, Carlos Sanchez Fernandez",Universidad De La Habana Facultad De Matematica Y Computacion La Habana Cuba,Concepto de número real en matemática alemana,,The Conceptual Emancipation Of Real Number From The Idea Of Magnitude: A German Perspective
"J L G Santander, J M Isidro, M A Garciamarch, P Fernandez De Cordoba, D Acosta Iglesias","Universidad Catolica De Valencia, Universidad Politecnica De Valencia, Instituto De Matematica Pura Y Aplicada, Universidad Hermanos Saiz, Universidad De La Habana",Generalización de la regla de simpson para mallados exponenciales y cálculo de integrales impropias,"Regla de simpson, Integración numérica, Mallados exponenciales, Integrales impropias",La Regla De Simpson Con Mallados Generales E Integrales Impropias
"Carlos Sanchez Fernandez, Concepcion Valdes Castro","Facultad De Matematica Y Computacion, Universidad De La Habana Cuba",Formación de cultura matemática en cuba,,Emergencia De Una Cultura Matemática En Cuba
"J A Reyes, F Garciaalonso",Escuela Politecnica Superior Eps Departamento De Matematica Aplicada Universidad De Alicante Espana,Integración de osciladores armónicos forzados,,Integración De Osciladores Perturbados Mediante Un Esquema Multipaso Basado En Una Extensión De La Serie De Taylor
"Maibys Sierra Lorenzo, Mario Carnesoltas Calvo, Nivian Quintana, Angela Leon Mecias","Instituto De Meteorologia, Departamento De Matematica Aplicada Universidad De La Habana",Detección de altas concentraciones de vorticidad en la capa fronteriza de la atmósfera,"Transformada wavelet continua, Rollos convectivos horizontales, Vorticidad","La Transformada Wavelet Continua, En La Detección De Altas Concentraciones De Vorticidad En La Capa Fronteriza De La Atmósfera"
"Drc Ricardo Sanchez Casanova, Dra Olga Lidia Perez Gonzalez","Universidad De La Habana, Universidad De Camaguey",Metodología para evaluar habilidad docente en procesamiento de datos,"Habilidad docente procesamiento de datos, Los nexos símbolos-objetos, La mediación semiótica, Estado metacognitivo, La evaluación",Metodología Para Evaluar La Habilidad Docente Procesamiento De Datos En La Formación Matemática Del Profesor De La Educación Secundaria Básica
"Yanely Zaldivar Gerpe, Raul Guinovart Diaz, Yoanh Espinosa Almeyda, Julian Bravo Castillero, Reinaldo Rodriguez Ramos",Universidad De La Habana Cuba,Propiedades efectivas de materiales elásticos con fibras multicapas,"Asymptotic homogenization method, Effective properties, Fibrous composites, Doubly periodic",Effective Properties For Multi-Phase Fibrous Elastic Composites.
"Emmanuel Abdias Romano Castillo, Alexandre I Grebennikov",Benemerita Universidad Autonoma De Puebla Fcfm Buap,Método prg para resolver problema de dirichlet,,"Justificación Analítica Y Numérica Del Método ^F^ , Hd H = 0 De Solución Del Problema Directo Div X Y U , Con Coeficiente Variable Y Condición De Contorno Tipo Dirichlet"
"Pablo Freyre, Nelson Diaz",Facultad De Matematica Y Computacion Universidad De La Habana Cuba,Algoritmo para cálculo de matriz inversa en gf(p),"Polinomios primitivos, Sistemas de ecuaciones lineales, Matriz inversa","Algoritmo Para El Cálculo De La Matriz Inversa De Una Matriz En Gf(P), P-Primo"
"Oristela Cuellar Justiz, Guillermo Sosa Gomez",Departamento De Matematicas Universidad Central Marta Abreu Las Villas,Teoría de campos finitos y homomorfismos,,Inmersión De Un Campo De Galois Gf(Pn) En Otro De Mayor Cardinalidad
"Oristela Cuellar Justiz, Guillermo Sosa Gomez",Departamento De Matematicas Universidad Central Marta Abreu Las Villas,Teoría de campos finitos y homomorfismos,,Inmersión De Un Campo De Galois Gf(Pn) En Otro De Mayor Cardinalidad
"Msc Denis Martinez Tapanes, Dr Jose Enrique Martinez Serra","Universidad De Ciencias Medicas Santa Clara, Universidad Central Marta Abreu Las Villas",Demostración de la unicidad del ciclo de collatz,,Demostración De La Unicidad Del Ciclo De Collatz
"Concepcion Valdes Castro, Carlos Sanchez Fernandez","Facultad De Matematica Y Computacion, Universidad De La Habana Cuba",Cálculo diferencial e integral como ciencia normal,,El Cálculo Como Ciencia Normal: En El Centenario Del Primer Texto Cubano Sobre El Cálculo
"Lic Bely Rodriguez Morales, Dr Jose Fidel Hernandez Advincula",Facultad De Matematica Y Computacion Universidad De La Habana,Categorías derivadas de álgebras no hereditarias,,Descripción De La Categoría Derivada De Un Álgebra De Tipo A Equiorientada Con Radical Cuadrado Cero
"Lic Laura Decalo Salgado, Dr Jose Fidel Hernandez Advincula",Facultad De Matematica Y Computacion Universidad De La Habana,Carcaj de auslander-reiten de un álgebra hereditaria,"Carcaj de auslander-reiten, Categoría derivada, Álgebra hereditaria, Complejos acotados, Funtor de nakayama",Descripción De La Categoría Derivada De Un Álgebra Hereditaria De Tipo De Representación
"Daniela Bonilla Barraza, Marcela Parraguez Gonzalez, Leonardo Solanilla Chavarro","Universidad De La Serena Chile, Ponticid980icia Universidad Catolica De Valparaiso Chile, Universidad Del Tolima Colombia",Definiciones métricas de líneas rectas en geometría discreta del taxista,"Taxicab geometry, Straight line, Conic sections, Topological dimension, Linear diophantine equations","Al (Cid:976)In De Cuentas, ¿Qué Es Una Recta?"
"Daniela Bonilla Barraza, Marcela Parraguez Gonzalez, Leonardo Solanilla Chavarro","Universidad De La Serena Chile, Ponticid980icia Universidad Catolica De Valparaiso Chile, Universidad Del Tolima Colombia",Definiciones métricas de líneas rectas en geometría discreta del taxista,"Taxicab geometry, Straight line, Conic sections, Topological dimension, Linear diophantine equations","Al (Cid:976)In De Cuentas, ¿Qué Es Una Recta?"
"Otilio B Mederos Anoceto, Rita Roldan Inguanzo, Jose E Martinez Serra","Facultad De Ciencias Fisicomatematicas Universidad Autonoma De Coahuila Mexico, Facultad De Matematica Fisica Y Computacion Universidad Central De Las Villas Cuba",Generalización de un orden de medias en tres contextos,,La Generalización De Un Orden De Medias: Desde La Geometría Hasta El Cálculo
"Maria Del Carmen Rivalta Valladares, Herminia Hernandez Fernandez","Facultad De Matematica Y Computacion Universidad De La Habana, Centro De Estudios Para La Educacion Superior Cepes Universidad De La Habana",Estudio diagnóstico sobre ecuaciones diferenciales ordinarias en estudiantes de química,"Ecuaciones diferenciales ordinarias, Valoración, Representación mental, Solidez del conocimiento",Un Estudio Diagnóstico Sobre Ecuaciones Diferenciales Ordinarias En Estudiantes De Licenciatura En Química. Consecuencias En Representaciones Mentales
Luis A Salomon,Universidad De La Habana Facultad De Matematica Y Computacion Departamento De Matematica Aplicada,Convergence rate of quantization error for wiener process with gaussian starting point,"Functional quantization, Wiener process, Gaussian starting point, Convergence rate, Quantization error",Asymptotic For The Quantization Error For A Wiener Process With Gaussian Starting Point
"Alina Fernandez Arias, Sira Allende Alonso","Departamento De Matematica Universidad De La Habana La Habana Cuba, Departamento De Matematica Aplicada Universidad De La Habana La Habana Cuba",Estrategia grasp para el problema de enrutamiento de vehículos con recogida y entrega simultánea,"Enrutamiento de vehículos, Recogida y entrega simultánea, Grasp, Vnd",Una Estrategia Grasp Aplicada Al Problema De Enrutamiento De Vehículos Con Recogida Y Entrega Simultánea
"Damian Valdes Santiago, Daniel Mesejo Leon, Angela Leon Mecıas","Departamentodematematicaaplicada, Facultaddematematicaycomputacion, Universidaddelahabana, Cuba",Procesamiento de mamogramas con wavelets logarítmicas,"Mejoramientodecontraste, Transformadawavelet, Transformadawaveletlogar´ıtmica, Mamograf´ıa",Wavelets Logarítmicas: Una Herramienta Efectiva Para El Procesamiento De Mamogramas
"A Gaonaarias, F J Domınguezmota, G Sanchezyepez, J G Tinocoruiz, M L Ruizzavala","Facultad De Ciencias Fısico Matematicas Universidad Michoacan De San Nicolas De Hidalgo Morelia Mexico, Universidad Abierta Y A Distancia De Mexico Ciudad De Mexico Mexico",Esquema alternativo para diferencias finitas generalizadas,"Diferencias finitas generalizadas, Programacio´n lineal, Mallas irregulares, Mallas estructuradas, Ecuaciones el´ıpticas",Un Esquema Alternativo Para Diferencias Finitas Generalizadas.
"Laidy De Armas Jacomino, Rafael Bello Perez, Carlos Morell Perez","Facultad De Ciencias Informaticas Universidad De Ciegode Avila Maximo Gomez Baez Ciegode Avila Cuba, Centro De Estudios De Informatica Universidad Centralmarta Abreude Las Villas Cuba",Métodos de optimización para el problema de apilamiento de contenedores,Apilamientodecontenedores—me´todosdeoptimizacio´n—me´todosexactos—metaheurist´ıcas,Optimization Methods Applied To Container Stacking Problem
Maria Esther Reyes Calzado,Departamento De Matematica Universidad De La Habana Cuba,Escalamiento multidimensional con metaheurísticas,"Escalamiento multidimensional, Metaheurísticas, Proximidades, Stress",Escalamiento Multidimensional Empleando Metaheurísticas
"Ceyli M Ricardo Gomar, Marta L Baguer Dıazromanach, Jorge Del Risco Martınez",Departamentodematematicaaplicadafacultaddematematicaycomputacionuniversidaddelahabanacuba,Procesamiento de imágenes digitales de mamografías con filtros morfológicos,"Procesamientodeima´genesdigitales, Morfolog´ıamatema´tica, Filtrosmorfolo´gicos",Uso De Filtros Morfolo´Gicos En Ima´Genes De Mamograf´Ias
"Alberto Verdecia Cabrera, Isvani Frias Blanco, Agustin Ortiz Diaz, Yanet Rodriguez Sarabia, Antonio Mustelier Hechavarria","Departamento De Informatica Universidad De Granma Cuba, Instituto De Ciencias Matematicas De Computacion Universidad De Sao Paulo Brasil, Centro De Estudios De Informatica Universidad Central Marta Abreu De Las Villas Villa Clara Cuba",Comparación de enfoques para manejar cambios de concepto en flujos de datos,"Flujos de datos, Ensambles de clasificadores, Cambio de concepto",Estudio Comparativo Sobre Ensambles De Clasificadores En Flujos De Datos No Estacionarios
"Mijail Borgesquintana, Miguel A Borgestrenard, Adrian Donatien Charon",Departamentodematematica Fcne Universidad De Oriente Cuba,Criptoanálisis de cifrados en bloques con algoritmo genético,"Cifrados en bloques, Criptoanálisis, Algoritmo genético",Algoritmo Genético En El Criptoanálisis A Cifrados En Bloques
Luis Giraldo Gonzalez Ricardo,Departamentodematematicauniversidaddelahabanalahabanacuba,Análisis de introduccio´n al ana´lisis matema´tico de mario o. gonza´lez,"Marioo.gonza´lez, Matema´ticacubana, Nu´merosreales",On Mario O. Gonza´Lez’S Introduccio´N Al Ana´Lisis Matema´Tico
"Moises Villena Munoz, Ricardo Sanchez Casanova, Idania Urrutia Roman","Departamentodematematicauniversidadsantamaria Campusguayaquil Ecuador, Facultadmatematica Y Computacionuniversidad De La Habana Cuba, Facultadmatematica Y Computacionuniversidad De La Habana Cuba",Estrategia didáctica integradora para el cálculo integral mediado por tic,"Estrategiadidáctica integradora, Nivel de asimilación, Cálculo integral, Tecnologías de la información y las comunicaciones",EnseñAnza Del Cálculo Integral En El Inicio Del Siglo Xxi
"Claudia Fonte Sanchez, Carlos Sanchez Fernandez",Departamentodematematicauniversidaddelahabanacuba,Estructura algebraica del algebra de wiener-walsh,A´lgebradewiener—grupodia´dico—elementosidempotentes—s´ıntesisespectral,Sobre La Estructura Del Algebra De Wiener-Walsh
"David Guinovart Sanjuan, Reinaldo Rodriguez Ramos, Raul Guinovart Diaz, Julian Bravo Castillero, Ranses Alfonso Rodriguez",Departamento De Matematica Universidad De La Habana,Problema elástico lineal en medios transversalmente isotrópicos,"Elasticidad, Ecuaciones diferenciales, Ecuaciones de equilibrio",Solución Del Problema Elástico Lineal En Medios Cilíndricos Y Esféricos Transversalmente Isotrópicos
"Isidro A Abello Ugalde, Victoria Hernandez Mederos, Pablo Barrera Sanchez, Guilmer F Gonzalez Flores","Centro De Estudios Para El Perfeccionamiento De La Educacion Superior Universidad De La Habana Cuba, Departamentode Matematica Institutode Cibernetica Matematicay Fısica La Habana Cuba, Facultad De Ciencias Universidad Nacional Autonoma De Mexico Ciudad De Mexico",Parametrización b-spline de regiones planas con frontera irregular,"Mapeobicuadra´tico, Malladecuadrila´teros, Regio´ncerradaconfronterairregular, Isogeome´trico",Parametrizacio´N B-Spline De Regiones Planas Con Frontera Irregular
"Alina Fernandez Arias, Sira Allende Alonso",Facultad De Matematica Y Computacion Universidad De La Habana La Habana Cuba,Aplicación de búsqueda local iterada al vrp con recogida y entrega mixta,"Enrutamientodeveh´ıculos, Recogidayentregamixta, Bu´squedalocaliterada",Bu´Squeda Local Iterada Aplicada Al Vrp Con Recogida Y Entrega Mixta
"Miriela Escobedo Nicot, Silena Herold Garcıa, Ligia Ferreira Gomez, Camila Machado, Elisaˆngela Monteiro Pereira, Wilkie Delgado Font","Departamentodecomputacionuniversidaddeorientesantiagodecubacuba, Departamentodeanalisisclınicosytoxicologicosuniversidaddesaopaulosaopaulobrasil, Departamentodefisiopatologiaexperimentalfaculdadedemedicinauniversidadedesaopaulosaopaulobrasil, Departamentodeanalisesclınicasetoxicologicasfaculdadedecieˆnciasfarmaceˆuticasuniversidadefederaldealfenasminasgeraisbrasil",Clasificación morfológica de células huvec para estudios de angiogénesis,"Clasificacio´ndeformas, Angioge´nesis, Huvec",Clasificacio´Nmorfolo´Gicausandodescriptoreselementalesenima´Genesdigitalesdemuestrasdehuvec
"Nelson Claudio Cordova Rosas, Ricardo Sanchez Casanova, Idania Urrutia Romanı","Universidad Tecnica Federico Santa Marıa Ecuadorchile, Facultad De Matematica Y Computacion Universidad De La Habana Cuba",Elementos de innovación docente en la resolución de problemas matemáticos,"Resolucio´ndeproblemas, Impulsorcualitativo, Solucionador, Problema",Elementos De Innovacio´N Docente En La Mejora Del Aprendizaje: El Impulsor Cualitativo Y Su Aplicacio´N En La Resolucio´N De Problemas En Matema´Ticas
"Laidy De Armas Jacomino, Danilo Valdes Ramirez",Facultad De Ciencias Informaticas Universidad De Ciego De Avila Maximo Gomez Baez Ciego De Avila Cuba,Evaluación del algoritmo jrip para clasificación de datos,"Clasificación, Datos desbalanceados, Datos con ruido, Jrip, Reglas, Valores perdidos",Evaluación Del Algoritmo De Clasificación Basado En Reglas Jrip Para Datos Standard Y Desbalanceados
"Angela Martin Sanchez, Olga Lidia Perez Gonzalez, Laura Casas Fuentes, Ricardo Sanchez Casanova","Facultad De Ciencias Universidad Autonoma De Santo Domingo Santo Domingo Republica Dominicana, Departamento De Matematica Universidad De Camaguey Camaguey Cuba, Facultad De Matematica Y Computacion Universidad De La Habana La Habana Cuba",Secuencia didáctica para resolver problemas algebraicos,"Logos, Praxis, Combinación lineal",Secuencia Didáctica Entre Logos Y Praxis De La Combinación Lineal
"Lisbet Hernandez Cardenas, Frank Reyes Garcıa, Isel Moreno Montes De Oca, Abel Rodrıguez Morffi",Universidad Centralmarta Abreude Las Villas Villa Clara Cuba,Medidas de calidad para etiquetado de modelos de procesos de negocio en el sector de la salud,"Bpmn, Medidas, Calidad",Medidas Para Asegurar La Calidad Del Etiquetado De Los Modelos De Procesos De Negocio En El Sector De La Salud
"Maibys Sierra Lorenzo, Angela Leon Mecıas, Angel Domingues Chovert, Evelyn Elisa Martınez Sabari","Centro De Fısica De La Atmosfera Instituto De Meteorologıa Habana Cuba, Departamento De Matematica Aplicada Facultad De Matematicay Computacion Universidad De La Habana Cuba, Instituto Nacional De Pesquisas Espaciais Centro De Previsaode Tempo E Estudos Climaticos Cachoeira Paulista Sao Paulo Brasil, Programa De Posgrado En Ciencias De La Tierra Universidad Nacional Autonoma De Mexico Df Mexico",Algoritmo numérico para edps no lineales y dependientes del tiempo,"Representacio´n por bloques adaptativa, Resolucio´n adaptativa de ecuaciones diferenciales parciales, Prono´stico nume´rico del tiempo",Mallas Adaptativas Usando Wavelet Para Diferencias Finitas En Modelos De Prono´Stico Nume´Rico Del Tiempo
"Saul Olivera Perdomo, Marta L Baguer Dıazromanach, Damian Valdes Santiago, Agueda Santana Martınez","Departamentodematematicaaplicadafacultaddematematicaycomputacionuniversidaddelahabanacuba, Hospitalmaternode10deoctubrelahabanacuba",Segmentación de la región acetoblanca en colposcopías del cérvix,"Colposcop´ıadelce´rvix, Segmentacio´n, Regio´nacetoblanca, Agrupamiento, Morfolog´ıamatema´tica",Segmentación De La Región Acetoblanca En Colposcopías Del Cérvix
"Dr Lorgio F Batard Martinez, Dra Yanelis Estrada Hernandez, Lic Roxana Perez Garcia","Departamento De Matematica Universidad Central De Las Villas 54830 Santa Clara Cuba, Departamento De Fisica Universidad Central De Las Villas 54830 Santa Clara Cuba",Solución de un problema parabólico con condiciones de contorno complejas,"Ecuación, Riemman, Parabólico",Solucion De Un Problema De Contorno Complejo Para Ecuaciones De Tipo Parabolico: Caso Indice Cero
"Erick Manuel Delgado Moya, Aymee Marrero Severo","Departamento De Matematica Pontificia Universidade Catolica Do Rio De Janeiro Brasil, Departamento De Matematica Universidad De La Habana Cuba",Modelos matemáticos para el zika,"Control, Modelo, Ponderación, Zika",La Ponderación De Parámetros En Un Modelo De Zika
"Ismel Martinez Diaz, Dianne Miyares Moreno, Cm Legon","Instituto De Criptografia Facultad De Matematica Y Computacion Universidad De La Habana Habana Cuba, Direccion De Calidad Universidad Tecnologica De La Habana Habana Cuba",Varianza del coeficiente de confusión y no-linealidad de s-cajas en clases hamming weight,"S-caja, Hw, Ccv",Varianza Del Coeficiente De Confusión Y No-Linealidad De S-Cajas Dentro De Las Clases Hamming Weight
"Jonathan Chicaiza Intriago, Ricardo Sanchez Casanova, Yolanda Ofarrill Dinza","Facultad De Ingenieria Agricola Escuela Superior Politecnica Agropecuariade Manabi Ecuador, Facultad De Matematicay Computacion Universidad De La Habana Cuba, Departamentode Matematica Universidad Tecnologicade La Habana Jose Antonio Echeverria Cuba",Estrategia didáctica para enseñanza de integral definida,"Integraldefinida, Tecnologíainformática, Asistentematemático, Mathcad",Estrategia Didáctica Para Contribuir Al Proceso De Enseñanza - Aprendizaje De La Integral Definida
"Jose Armando Vivero Gonzalez, Jose Fidel Hernandez Advıncula",Departamentodematematicauniversidadlahabanacuba,Teoría de inclinación en álgebras de tipo a equiorientadas,"A´lgebracuasi-hereditarias, Mo´duloinclinante, Mo´dulocaracter´ıstico",Estratificacio´N E Inclinacio´N En Ciertas A´Lgebras De Tipo A Equiorientada
"Marıa Virginia Rodrıguez Quiroz, Idania Urrutia Romanı","Universidad San Agustın Arequipa Peru, Universidad De La Habana Cuba",Secuencias didácticas para resolver ecuaciones cuadráticas,"Secuencias dida´cticas, Competencias, Resolucio´n de ecuaciones, Teor´ıa socioformativa, Tic, Aprendizajes significativos",Recolucio´N De Ecuaciones De Segundo Grado A Partir De Una Experiencia Basada En La Implementacio´N De Secuencias Dida´Cticas.
"Adrian Alfonso Penate, Pablo Freyre Arrozarena",Institute Of Cryptography Faculty Of Mathematics And Computer Science University Of Havana Cuba,Generación aleatoria de permutaciones óptimas de difusión para rijndael dinámico,"Shiftrows, Rijndael, Difusio´n, Diffusion",Random Diffusion Optimal Permutations With A Look In Dynamic Rijndael
"Rainer Llera Menocal, Alberto Fernandez Oliva, Joanna Campbell Amos",Departamento De Programacion E Ingenieria De Software Universidad De La Habana La Habana Cuba,Plataforma para obtención de redes de transporte y diseño de rutas,"Redes de transporte, Problemas de diseño de rutas, Sig, Plataforma",Ngat: Plataforma Para La Obtención De Redes De Transporte Para El Trabajo Con Problemas De Diseño De Rutas
"Y Matos, C M Legon, E J Madarro","Universidad De La Habana Facultad De Matematica Y Computacion Instituto De Criptografia La Habana Cuba, Cujae Facultad De Informatica La Habana Cuba, Universidad Central De Las Villas Villa Clara Cuba",Optimización del test lil-débil para la evaluación de prgn,"Evaluacio´nde prgn, Test de aleatoriedad, Optimizacio´n del test lil-de´bil",Optimizacio´N Del Test Lil-De´Bil Para La Evaluacio´N De Prgn
"A Figueroaromero, A Sorialorente","Departamentodematematicauniversidaddelahabanaciudadhabanacuba, Facultaddecienciastecnicasuniversidaddegranmacuba",Algoritmo esteganográfico pseudo-asimétrico basado en una tabla de cuantificación no estándar,"Estaganograf´ıa, Pseudo-asime´trico, Matrizcuantizacio´n",Algoritmo Esteganogra´Fico Pseudo-Asime´Trico Basado En Una Tabla De Cuantificacio´N No Esta´Ndar
"Ernesto Parra Inza, Carlos Segura Vidal, Jose Maria Sigarreta Almira, Juan Carlos Hernandez Gomez","Departamento De Licenciatura En Matematica Universidad De Holguin Holguin Cuba, Unidad Academica De Matematicas Universidad Autonoma De Guerrero Guerrero Mexico",Modelo de programación lineal difusa para evacuación óptima en desastres naturales,"Programación lineal difusa multiobjetivo, Gestión operativa de desastres",Modelo De Programación Lineal Difusa Multiobjetivo Para La Evacuación Óptima De Personas Bajo Amenaza De Desastres Naturales
"Lic Javier Alejandro Quintero Roba, Lic Marıa Esther Reyes Calzado, Dra Elina Miret Barroso, Alejandro Javier Quintero Roba",Departamentodematematicafacultaddematematicaycomputacionuniversidaddelahabanacuba,Evaluación de stress en escalamiento multidimensional,"Escalamientomultidimensional, Stress, Tabladeevaluacio´ndestress",Tabla De Evaluacio´N De Stress Para Escalamiento Multidimensional
Jorge E Maciasdiaz,Departamento De Matematicas Y Fisica Universidad Autonoma De Aguascalientes Mexico,Soluciones de onda viajera en medios no homogéneos,,Soluciones De Onda Viajera De Un Modelo Continuo De Transmisión De Energía En Medios No Homogéneos
"Miguel Angel Abreu Teran, Alejandro Mesejo Chiong, Glicerio Viltres Castro","Departamentodematematicaaplicadauniversidaddeorientecuba, Departamentodematematicauniversidaddelahabanacuba",Modelado y solución del problema del péndulo doble con rk-4,"Modelacio´nmatema´tica, Edosnolineales, Solucio´ndesistemasdeedosnolineales",Modelacio´N Y Solucio´N Del Problema Del Pe´Ndulo Doble Utilizando Rk-4
"Milenis Fernandez Diaz, Jose Quintin Cuador Gil, Cesar Raul Garcia Jacas","Centro De Geoinformatica Y Senales Digitales Universidad De Las Ciencias Informaticas La Habana Cuba, Departamento De Fisica Universidad De Pinardel Rio Pinardel Rio Cuba, Centro De Estudios De Matematica Computacional Universidad De Las Ciencias Informaticas La Habana Cuba",Algoritmo optimizado para interpolación espacial de krigeado ordinario,"Geoestadística, Interpolación espacial, Krigeado ordinario, Programación paralela",Algoritmo Optimizado Para La Interpolación Espacial Del Krigeado Ordinario
"Mirıam G Baezhernandez, M Lorena Avendanogarrido, J Rigoberto Gabrielarguelles",Facultad De Matematicas Univesidad Veracruzana Mexico,Problema de transferencia de masas de monge-kantorovich,"Esquemadeaproximacio´n, Programacio´nlineal, Transferenciademasas",Implementacio´N De Un Esquema De Aproximacio´N Para El Problema De Transferencia De Masas
"Carmen Tejeda Toledo, Luis Orlando Castellanos Perez",Departamentodelicenciaturaenmatematicauniversidaddeholguınholguıncuba,Técnicas de regularización para problemas inversos en tomografía óptica difusa,"Pseudoinversa, Tomograf´ıa, Problema inverso, Regularizacio´n",Empleo De Te´Cnicas De Regularizacio´N Para La Solucio´N Del Problema Inverso Unidimensional En La Tomograf´Ia Optica Difusa
"D Garcıa Perez, J Estrada Sarlabous, S Behar Jequın, W Morales Lezca","Departamentodematematicainstitutodeciberneticamatematicayfısicalahabanacuba, Departamentodematematicauniversidaddelahabanalahabanacuba",Esquema spline co´nico de hermite fair,"Fairness, G1-continuidad, Seccio´nco´nica, Splineracionaldebe´zier, Interpolacio´ndehermite",Un Esquema Spline Co´Nico De Hermite Fair.
Prof Dr Luis Ramiro Pineiro Diaz,"Instituto De Criptografia, Facultad De Matematica Y Computacion De La Universidad De La Habana, Seccion Cientifica De Criptografia Scmc",Seminario científico de criptografía,,Iv Seminario Científico Nacional De Criptografía
"Esp David Ricardo Ledo Baster, Dr C Manuel Marino Betancourt, Dr C Miguel Cruz Ramirez","Departamentodeinformaticauniversidaddeholguınholguıncuba, Universidaddeholguınholguıncuba",Protocolo de intercambio de claves criptográficas basado en lwr,"Protocolosdeintercambiodeclaves, Criptograf´ıaasime´trica, Criptograf´ıapostcua´ntica",Protocolo Para El Intercambio De Claves Criptográficas Basado En El Problema 'Learning With Rounding'
"Ernesto Dominguez Fiallo, Frank E Acosta Fonseca, Luis R Pineiro Diaz",Instituto De Criptografia Universidad De La Habana La Habana Cuba,Generación de matrices circulantes invertibles y su aplicación al criptosistema mceliece,"Matrices circulantes invertibles, Criptosistema mceliece, Criptografía post-cuántica",Generación De Matrices Circulantes Invertibles Y Su Aplicación Al Criptosistema Mceliece
Teresa Bernarda Pages Lopez,Instituto De Criptografia Universidad De La Habana La Habana Cuba,Infraestructura de llave pública y recuperación de llaves en cuba,"Infraestructura de llave pública (ilp), Deposito de llaves, Recuperación de llaves","Depósito Y Recuperación De Llaves, Un Elemento A Considerar Para La Infraestructura De Llave Pública En Cuba"
"Yessica Caridad Castano Sainz, Claudia Espinosa Contreras, Huber Martınez Rodrıguez","Instituto De Criptografıa Universidaddelahabana La Habana Cuba, Empresa De Tecnologıas Para La Defensa Xetid, Departamentodematematica Facultad De Ciencias Informaticas Universidad De Ciego De Avila Cuba",Generación de curvas elípticas con propiedades criptográficas,"Para´metros de definicio´n de curvas el´ıpticas, Requisitos de seguridad, Requisitos te´cnicos",Generacio´N De Curvas El´Ipticas Con Buenas Propiedades Criptogra´Ficas Sobre Campos Primos
"Mijail Borges Quintana, Jose A Ornella Rodriguez",Departamento De Matematica Universidad De Oriente Santiago De Cuba Cuba,Cálculo de bases de gröbner completas asociadas a códigos lineales,"Bases de gröbner, Algoritmo de möller, Códigos lineales, Equivalencia de códigos",Cálculo De Bases De Gröbner Completas Asociadas A Códigos Lineales
"Irene Martinez Ferrer, Miguel Angel Borges Trenard, Mijail Borges Quintana","Direccion De Criptografia Ministerio Del Interior Santiago De Cuba Cuba, Departamento De Matematica Universidad De Oriente Santiago De Cuba Cuba",Criptoanálisis algebraico a cifrados en bloques,"Criptoanálisis algebraico, Base de gröbner, Cifrados en bloques",Criptoanálisis Algebraico A Cifrados En Bloques
"Antonio Bolufe Rohler, Dania Tamayo Vera, Rodnel Pena Alvarado",Institutode Criptografıa Universidaddela Habana La Habana Cuba,Algoritmos híbridos heurísticos para diseño de s-caja,"Algoritmos heur´ısticos, Metaheur´ıstico, Optimizacio´n, Criptograf´ıa, S-cajas, Criptoana´lisis",Hybrids Heuristics Algorithms For S-Box Design
"Alexi Masso Munoz, Magdiel Vicet Morejon, Redelio Hernandez Rubio","Institutodecriptografıa Universidaddelahabana Lahabana Cuba, Catedradeinformatica Institutotecnicomilitar Lahabana Cuba",Algoritmo determinista de factorizacio´n,"Factorizacio´n, Me´todo, Algoritmo",Algoritmo Determinista De Factorizacio´N
"Ismel Martinezdiaz, Alejandro Freyre, Eziel Ramos, Cm Legon",Instituto De Criptografia Facultad De Matematica Y Computacion Universidad De La Habana Habana Cuba,Propiedades de s-cajas en cifradores de bloques,"S-cajas, No-linealidad, Varianza del coeficiente de confusión",S-Cajas Afines Con Igual Varianza Del Coeficiente De Confusión
"Ernesto A Borrego Rodriguez, Pedro E Navarro Sosa, Carlos M Legon Perez",Instituto De Criptografia Universidad De La Habana La Habana Cuba,Análisis de métodos de discretización para autenticación gráfica,"Autenticación gráfica, Discretización, Región de tolerancia, R-seguridad",Debilidades De Los Métodos De Discretización Para Contraseñas Gráficas
"Osmani Tito Corrioso, Miguel A Borges Trenard, Mijail Borges Quintana","Departamento De Matematica Facultad De Ciencias De La Educacion Universidad De Guantanamo Cuba, Departamento De Matematica Facultad De Ciencias Naturales Y Exactas Universidad De Oriente Cuba",Ataques a cifrados en bloques usando teoría de grupos,"Algoritmo genético, Grupo cociente, Criptoanálisis, Aes(t)",Ataques A Cifrados En Bloques Mediante Búsquedas En Grupos Cocientes De Las Claves
"Osviel Rodriguez Valdes, Carlos M Legon, Raisa Socorro Llanes","Departamentodeprogramacionysistemasdigitalesuniversidaddelascienciasinformaticaslahabanacuba, Institutodecriptogtafıauniversidaddelahabanalahabanacuba, Universidadtecnologicadelahabanajose Aecheverrıalahabanacuba",Influencia de patrones de clics lineales en la seguridad de contraseñas gráficas,"Graphical password, Authentication, Linear click patterns, Human-seeded attack, Weak passwords, Password space",Patrones En El Orden De Los Clics Y Su Influencia En La Debilidad De Las Claves En La Técnica De Autenticación Gráfica Passpoints
"Ernesto Dominguez Fiallo, Frank E Acosta Fonseca, Luis R Pineiro Diaz",Instituto De Criptografia Universidad De La Habana La Habana Cuba,Análisis de criptosistemas mceliece y niederreiter como candidatos post-cuánticos,"Mceliece, Niederreiter, Criptografía post-cuántica, Criptoanálisis",Evaluación De Los Criptosistemas Mceliece Y Niederreiter Como Candidatos Post-Cuánticos
"Ramses Rodrıguez Aulet, Reynier A De La Cruz Jimenez","Instituto De Criptografıa, Universidad De La Habana, La Habana, Cuba",Construction of mds matrices using feistel and lai-massey schemes,"Diffusion, Involutory matrix, Almost involutory matrix, Mds matrix",Construction Of Mds Matrices Combining The Feistel And Lai-Massey Schemes
"Mario A Veravillamar, Jose A Mesejochiong","Escuela Superior Politecnica Del Litoral Guayaquil Ecuador, Facultad De Matematica Y Computacion Universidad De La Habana Cuba",Modelo de flujo fractal y fraccionario para yacimientos fracturados,"Modelodeflujo, Mediosfractales, Derivadafraccionaria, Tripleporosidad","Un Modelo De Triple Porosidad, Triple Permeabilidad Y Derivadas Fraccionarias Para La Presión Transiente En Yacimientos Fracturados Con Geometría Fractal"
"Brenda Lambert Lamazares, Vivian Sistachs Vega","Departamento De Matematica Instituto De Cibernetica Matematica Y Fisica La Habana Cuba, Departamento De Matematica Aplicada Universidad De La Habana La Habana Cuba",Análisis de variables catego´ricas en problemas de salud,"Variables catego´ricas, Tablas de contingencia, Modelos log-lineales, S´ındromedeguillain-barre´",Tablas De Contingencia Y Modelos Log-Lineales. Una Aplicación En Un Problema De Salud.
"Carlos Miguel Legon, Pedro Navarro, Raisa Socorro, Osviel Rodriguez, Ernesto Borrego","Instituto De Criptografia Facultad De Matematica Y Computacion Universidad De La Habana, Facultad De Informatica Universidad Tecnologica De La Habana, Facultad De Ciencias Y Tecnologias Universidad De Las Ciencias Informaticas",Modelo probabilístico en autenticación gráfica,"Autenticación gráfica, Modelo probabilístico, Contraseñas",Nuevo Modelo Probabilístico En Autenticación Gráfica
"Dagoberto Acosta Iglesias, Amaury Perez Martinez, Manuel Guardado Hernandez","Departamento Ciencias De La Tierra Universidad Estatal Amazonica Puyo Ecuador, Departamento De Ingenieria Quimica Universidad De Camaguey Camaguey Cuba, Departamento De Matematica Universidad De Camaguey Camaguey Cuba",Enseñanza-aprendizaje de matemáticas con herramientas tecnológicas,"Aprendizaje, Razonamiento, Pensamiento lógico",Las Oportunidades De Aprender Matemáticas Desde Una Perspectiva Abarcadora
"Ana A Oroza Hernandez, Gladys Linares Fleites, Hortensia J Reyes Cervantes, Bulmaro Juarez Hernandez","Facultad De Ciencias Fisico Matematicas Benemerita Universidad Autonoma De Puebla, Departamento De Investigacion En Ciencias Agricolas Instituto De Ciencias Benemerita Universidad Autonoma De Puebla Puebla Mexico",Estimación de carbono orgánico en suelos con modelos mixtos,"Secuestro de carbono, Modelos lineales generalizados mixtos, Regresión gamma",Estimación Del Porcentaje De Carbono Orgánico En Suelos Utilizando Imágenes Satelitales Y Modelos Mixtos
Maria De Luz Gasca Soto,Departamentodematematicasuniversidadnacionalautonomademexicomexico,Teoría de grafos y redes de interconexión,"Computacio´nenparalelo, Teor´ıadegra´ficas, Redesdeinterconexio´n, Hipercubo",Interconnection Networks And Graph Theory
"Serdaniel Nieves Pupo, Rita A Roldan Inguanzo","Universidad De Pinardel Rio Hermanos Saiz Montes De Oca Cuba, Universidad De La Habana Cuba",Modelo para el desarrollo del pensamiento lógico-matemático avanzado,"Pensamiento lógico-matemático avanzado, Representaciones semióticas, Descomposición genética de conceptos, Método genético-constructivo",Modelo Para El Proceso De Desarrollo Del Pensamiento Lógico-Matemático Avanzado
"A Figueroaromero, A Sorialorente","Departamentodematematicauniversidaddelahabanaciudadhabanacuba, Facultaddecienciastecnicasuniversidaddegranmacuba",Algoritmo esteganográfico pseudo-asimétrico basado en una tabla de cuantificación no estándar,"Estaganograf´ıa, Pseudo-asime´trico, Matrizcuantizacio´n",Algoritmo Esteganogra´Fico Pseudo-Asime´Trico Basado En Una Tabla De Cuantificacio´N No Esta´Ndar
"Nigreisy Montalvo Zulueta, Mariella Lorenzo Suarez, Angela Leon Mecias, Lorena Leon Arencibia","Instituto De Cibernetica Matematica Y Fisica, Instituto De Meteorologia De La Republica De Cuba, Departamento De Matematica Facultad De Matematica Y Computacion Universidad De La Habana",Detección de masas en mamografías con codificación fractal,"Mammografía, Anomalía masa, Codificación fractal, Vector de características, Transformaciones afines",Algoritmo Rápido De Codificación Fractal Para La Detección De Masas En Mamografías
"Antonio Alejo Combarro, Jose Manuel Espinoza, Ludwig Leonard Mendez, Miguel Katrib Mora",Programming Department Havana University Havana Cuba,Decoradores tipo python en c# usando roslyn,"Metaprogramación, C#, Roslyn, Python, Decoradores",Decoradores Tipo Python Para Funciones En C# Utilizando Atributos Y La Api De Roslyn
"Eladio Jorge Oliveros Sauco, Ricardo Sanchez Casanova, Idania Urrutia Romanı","Departamentodematematicauniversidadsantamarıacampusguayaquilecuador, Facultadmatematicaycomputacionuniversidaddelahabanacuba, Facultadmatematicaycomputacionuniversidaddelahabanacuba",Enseñanza de matemáticas desde un enfoque semántico,"Sema´nticamatema´tica, Podersema´ntico, Heur´ıstica",El Proceso De Enseñanza-Aprendizaje De La Matemática Desde Un Enfoque Semántico
